user,item,rating
1232762,DS0103EN,3
1340444,CO0101EN,3
1310442,BD0211EN,3
1141000,BD0212EN,5
1802923,DS0101EN,4
435270,RP0151EN,5
1592207,SC0103EN,4
1452915,CP0101EN,4
1827156,DS0101EN,4
1113405,DS0301EN,3
1564951,BC0101EN,5
1220348,CO0401EN,3
1351651,BD0211EN,5
431092,PY0101EN,3
176742,CO0201EN,5
1648456,BD0221EN,4
1019482,PY0101EN,5
1907875,CC0103EN,3
997095,CO0201EN,4
1155978,BD0111EN,4
368969,ML0151EN,3
1301141,DB0101EN,4
1622833,PY0101EN,3
1223248,DS0101EN,3
1522397,DB0151EN,3
1621789,CP0101EN,4
1270000,CO0301EN,5
1529580,PY0101EN,3
1174591,DA0101EN,3
1901715,ML0115EN,3
1495536,BC0101EN,5
556609,DS0103EN,3
740602,BD0121EN,5
1811860,DS0103EN,4
1767415,CC0101EN,3
1404086,DS0105EN,5
1919268,DA0101EN,4
415191,ML0120ENv2,3
790788,DV0101EN,5
1095072,ML0115EN,3
1741543,DS0301EN,3
1033195,DA0101EN,4
478001,BD0135EN,3
1304947,SECM03EN,5
1928822,DV0101EN,3
753226,ML0151EN,5
696232,CO0401EN,3
1907191,DA0101EN,4
1644217,BD0111EN,5
997761,BD0111EN,4
1123478,DS0103EN,5
1068947,CB0103EN,3
1568372,BC0101EN,5
288541,DS0101EN,5
1070918,ML0101ENv3,4
997146,RP0105EN,4
1390366,BD0101EN,3
1351407,BD0101EN,5
1324161,BD0101EN,4
1305612,DS0101EN,5
597265,BD0211EN,3
732411,ML0151EN,5
750187,DV0101EN,5
991318,RP0101EN,3
505274,BD0141EN,4
1213325,CP0101EN,5
891304,CL0101EN,5
1051721,DV0101EN,4
40562,ML0122ENv1,5
1372141,DS0103EN,5
170740,WA0101EN,5
1384551,ML0122ENv3,5
1248888,PY0101EN,5
1010533,DV0101EN,4
1072275,CO0101EN,3
725017,CL0101EN,4
2005984,ML0101ENv3,5
1916547,ML0120ENv2,3
904005,PY0101EN,3
977927,BD0211EN,4
352769,BD0211EN,5
1641074,ML0101ENv3,4
1442467,BD0101EN,3
1983611,ML0120ENv3,5
1110151,ML0115EN,5
1044059,BD0111EN,3
1435517,RP0101EN,3
1822813,DS0110EN,4
421575,BD0211EN,4
1303201,BD0123EN,3
1640648,DS0105EN,4
769783,BD0111EN,5
975323,ML0101ENv3,3
1355350,CO0201EN,4
1923675,DS0132EN,4
1760046,DS0101EN,4
1418783,LB0105ENv1,5
568207,ST0101EN,3
559113,ML0120ENv2,3
567724,BD0212EN,3
1381601,BD0211EN,5
1726611,CNSC02EN,4
1397055,BC0202EN,4
1179959,BD0211EN,3
991289,DV0101EN,3
626394,BD0221EN,4
1443238,CC0201EN,5
1086342,CL0101EN,3
434841,DS0301EN,3
768162,BD0111EN,4
943100,CL0101EN,4
765231,ML0115EN,3
742005,BD0153EN,5
1709063,ML0101ENv3,5
1292896,DS0101EN,4
913667,BD0211EN,5
933325,BD0111EN,5
614191,BD0131EN,3
1000388,CP0101EN,3
696085,BD0211EN,3
877386,ML0103EN,4
1888544,DS0301EN,4
1972261,BD0211EN,5
593903,DB0101EN,4
1117394,BD0111EN,5
1046164,ML0115EN,4
617847,BD0131EN,3
1173502,DS0103EN,3
1286354,DA0101EN,5
941803,SC0105EN,5
1804886,DS0301EN,3
1293062,ML0115EN,5
1095915,SC0103EN,5
1506139,DS0103EN,3
1120306,BD0115EN,3
1336198,CO0301EN,5
1071233,BD0211EN,4
306633,BD0151EN,5
722056,BD0101EN,5
1020746,ML0120ENv2,4
403404,TA0105,4
1169698,BD0212EN,3
689174,CO0201EN,3
975898,BD0101EN,3
1460064,ML0101ENv3,3
1125959,DS0101EN,4
1225500,SC0105EN,5
1304456,BD0111EN,3
2071263,CC0103EN,5
1898770,ML0103EN,4
703726,CC0103EN,3
1094338,DAI101EN,4
627076,ML0201EN,4
1801756,DV0101EN,3
1619404,DS0101EN,4
83795,DS0101EN,3
4,SC0105EN,5
1136652,DA0101EN,3
2069887,BD0123EN,4
1170672,COM001EN,3
499564,BD0101EN,4
584211,DS0301EN,3
1863214,DS0103EN,4
1864974,CC0103EN,4
1935188,RP0101EN,3
1594953,DV0101EN,5
335747,WA0101EN,5
500086,DS0103EN,3
676154,BD0101EN,4
1139965,RP0101EN,5
1134105,BD0111EN,4
1596120,PY0101EN,3
649859,BD0131EN,5
1092692,PY0101EN,4
558332,TA0105,4
536587,WA0101EN,3
1872386,BD0211EN,4
976879,BD0211EN,3
922028,BD0115EN,4
1281394,RP0101EN,5
543757,DS0101EN,4
1134285,BD0111EN,4
1399566,BD0111EN,3
1655971,CB0105ENv1,5
999839,CB0103EN,3
886495,DS0101EN,3
729693,CO0101EN,4
1173701,DS0101EN,4
649416,BD0143EN,4
546664,BD0211EN,5
1515789,BD0145EN,3
1824403,DV0101EN,3
1595093,DB0151EN,3
1572277,CB0103EN,3
2075940,ML0111EN,3
748840,BD0111EN,5
1030881,DS0101EN,5
1540761,DE0205EN,4
1003774,ST0101EN,3
1475474,PY0101EN,4
1606903,EE0101EN,3
564050,ML0115EN,5
1246812,CC0103EN,5
1013378,BD0101EN,4
626558,ST0101EN,3
1557301,DV0101EN,4
1972286,DV0101EN,3
1192779,DS0301EN,5
998498,PY0101EN,4
960985,BD0115EN,4
1952697,BC0202EN,3
523843,ML0115EN,4
928302,BD0111EN,5
894267,ML0101ENv3,3
670379,CB0103EN,5
1110735,EE0101EN,5
754359,ML0120ENv2,4
1155534,CB0103EN,5
1515446,BD0101EN,5
338995,SC0103EN,4
1803959,DS0103EN,3
740991,BD0211EN,4
768117,RP0101EN,4
1364777,CO0301EN,5
1336617,ML0109EN,4
1815349,DS0101EN,5
1028268,BD0133EN,4
738956,SC0101EN,3
882281,BD0111EN,4
664265,RP0101EN,5
1190214,DS0101EN,3
967005,BD0101EN,5
479264,SC0101EN,3
702927,BD0211EN,4
562785,ML0120ENv2,4
1262823,DA0101EN,4
1268990,PY0101EN,4
435849,BD0121EN,4
1034313,BD0111EN,4
1765238,CC0101EN,3
270881,BC0101EN,3
1029744,PY0101EN,3
435662,BD0101EN,5
1057873,ML0101ENv3,5
914504,DS0301EN,3
1004477,DS0101EN,3
1141338,ML0101ENv3,5
1618236,DS0105EN,5
935149,ML0120ENv2,4
1167683,DS0101EN,4
662672,ML0122EN,3
1386924,BD0211EN,5
707222,TA0106EN,3
586615,ML0122ENv1,3
1864411,PY0101EN,4
878609,PY0101EN,4
1323016,DS0101EN,5
1423793,BC0101EN,4
1287262,DS0321EN,3
725722,ML0122ENv1,4
965627,DB0101EN,4
1205085,CB0105ENv1,3
1612202,CC0101EN,5
1046164,BD0115EN,4
733697,PY0101EN,5
1157671,CB0103EN,5
198074,ST0101EN,3
1462674,BD0101EN,3
461221,TMP0106,3
1582653,DA0101EN,5
1404631,BD0123EN,4
1226879,BD0131EN,3
878893,BD0111EN,4
1133659,PY0101EN,3
1432073,DS0110EN,3
525591,ST0101EN,3
526671,BD0137EN,5
1375934,CC0150EN,4
1106669,BC0101EN,3
1172615,CC0101EN,3
1906128,CC0201EN,4
1370197,ML0115EN,4
330003,BD0111EN,3
1511579,CC0101EN,4
1716561,DA0101EN,4
779857,BD0101EN,5
1924156,CC0103EN,5
781236,BD0212EN,4
1816199,ML0151EN,3
962593,WA0101EN,4
738131,BD0211EN,4
350066,ML0120EN,5
1027127,ST0101EN,3
455637,DS0103EN,4
942146,DB0151EN,3
653766,BD0111EN,3
1834958,DB0101EN,4
1639710,ST0101EN,5
1251703,DS0105EN,5
1081224,BD0101EN,4
1414984,PY0101EN,5
902617,CB0103EN,5
309527,PY0101EN,3
882754,DV0151EN,4
1433455,DV0101EN,4
716543,ML0115EN,4
728690,BD0111EN,4
1265953,CO0101EN,5
1089842,DS0101EN,3
1386422,LB0107ENv1,4
781817,DS0301EN,5
750722,CO0201EN,5
588068,BD0111EN,5
1372141,DW0101EN,5
1524439,SC0103EN,4
759234,DS0321EN,3
968622,DS0105EN,5
1070847,CB0103EN,5
795402,CO0101EN,3
1982159,DV0151EN,3
1444900,BD0111EN,5
1242665,BC0101EN,3
1165918,DV0101EN,5
1118864,CB0103EN,5
1803794,ML0101ENv3,3
1077018,ST0101EN,4
1100368,PY0101EN,5
1709063,ST0101EN,3
913811,PY0101EN,5
1384042,DS0105EN,3
1669407,ML0115EN,4
196790,PY0101EN,3
1150167,CO0301EN,4
1859038,CNSC02EN,3
2014516,DS0103EN,5
1946041,PY0101EN,4
1306648,BC0101EN,3
1395227,BD0101EN,5
673320,BD0121EN,4
2057016,LB0111EN,4
491590,DS0101EN,5
456909,PY0101EN,4
936797,LB0109ENv1,5
1623406,DV0101EN,3
577402,ST0101EN,4
953589,BC0101EN,3
1179489,BD0121EN,4
1914199,CC0201EN,5
1661040,DS0101EN,4
971431,SC0101EN,3
603822,DV0101EN,4
1477003,CC0101EN,4
581840,ML0151EN,5
1489321,BD0111EN,4
628269,ML0115EN,3
1372635,CC0103EN,5
435139,DS0103EN,5
1138488,LB0111EN,4
1248888,BC0202EN,3
1711897,CC0150EN,5
758676,ML0120EN,5
1247797,DS0301EN,3
1244195,PY0101EN,5
991971,BD0101EN,3
1643311,DV0101EN,4
482318,BD0133EN,5
1368271,DA0101EN,5
1403170,ST0101EN,3
1176681,BD0111EN,3
131,SC0105EN,3
405704,DS0101EN,5
1174839,DA0101EN,4
1355793,DA0101EN,4
1565417,DS0103EN,5
1110255,CC0201EN,5
885699,BD0111EN,4
729333,DB0151EN,5
1000439,RP0101EN,4
1124017,ML0115EN,3
632338,CO0101EN,4
1408563,SECM03EN,5
333723,BD0101EN,3
1741220,PY0101EN,5
435061,ML0122EN,3
692878,WA0101EN,4
1839894,PY0101EN,3
1420153,BD0221EN,4
1364084,ML0115EN,3
775936,ML0101EN,5
1466730,ML0115EN,4
1924842,PY0101EN,5
1432250,CO0201EN,4
581840,BD0101EN,3
1308355,DS0105EN,3
964092,BD0131EN,4
698266,DS0103EN,4
1010974,ML0115EN,4
1928815,ML0151EN,3
1607159,PY0101EN,3
1799504,CNSC02EN,3
669145,DS0105EN,5
675198,BD0211EN,3
1490115,DS0103EN,3
533069,BC0101EN,4
1735604,BC0101EN,5
1442423,DV0151EN,4
1293863,DA0101EN,5
1010922,PY0101EN,4
1637233,DB0101EN,3
629595,BD0121EN,3
2081222,ML0101ENv3,5
1563084,DB0101EN,3
783740,TA0105,4
990803,CL0101EN,5
687821,BD0211EN,4
1788961,RP0101EN,3
1314620,BD0101EN,3
339918,BD0153EN,5
739825,BD0101EN,5
1614473,BD0101EN,4
1234687,CC0250EN,3
1647363,ST0101EN,5
1912444,DS0101EN,3
365677,PY0101EN,3
1606903,BC0201EN,5
754659,DS0101EN,4
991984,BC0101EN,3
1351541,DS0301EN,5
1104884,DS0101EN,4
690371,DV0151EN,4
499778,ML0101EN,4
743899,DA0101EN,4
659750,WA0101EN,4
1625100,DS0101EN,3
1361973,DS0101EN,5
1607000,ML0201EN,4
1143235,BD0111EN,3
1129990,CO0301EN,4
1908131,BD0141EN,5
1025162,DA0101EN,4
151817,PY0101EN,3
935449,PY0101EN,4
1246874,BC0202EN,4
1664611,PY0101EN,4
1103263,BC0201EN,4
1360096,BD0145EN,3
1008494,DJ0101EN,3
1464410,ML0120ENv2,5
985974,DA0101EN,3
740937,BD0141EN,4
1462875,BD0141EN,4
724934,BD0111EN,5
740639,BD0111EN,3
434785,BD0111EN,5
899507,BC0201EN,3
1092019,DS0105EN,5
1956703,CO0301EN,3
1531700,CB0103EN,3
1398608,ML0120ENv2,3
1133967,DV0101EN,5
766456,ML0151EN,4
1202297,BD0101EN,3
1546100,CC0101EN,3
686526,DS0103EN,4
793213,RP0101EN,5
1109440,BD0101EN,3
765972,DS0101EN,5
1223038,CO0101EN,4
971636,ML0115EN,3
714205,DS0105EN,5
1882685,BD0143EN,5
1190641,CO0401EN,5
933043,PY0101EN,3
792652,BD0223EN,5
1387355,DS0105EN,3
1395227,BD0211EN,3
989198,CO0201EN,5
913729,BD0153EN,3
875218,CB0103EN,3
559205,CO0201EN,5
1218642,SC0101EN,5
973198,ML0103EN,3
1881150,BC0101EN,5
630065,RP0101EN,4
1349271,BD0223EN,3
1488391,DA0101EN,3
1053103,ST0101EN,5
484628,RP0151EN,4
588657,BD0143EN,5
1359015,DV0101EN,4
565102,CB0103EN,5
1480870,DS0103EN,3
490636,BD0115EN,5
717373,DS0105EN,5
1128046,DS0103EN,4
97915,BD0212EN,3
1085474,DS0103EN,3
1637542,PY0101EN,3
937474,RP0105EN,4
1470747,BD0101EN,5
1990648,DS0301EN,4
484219,BD0143EN,5
1634318,BD0141EN,4
1752327,CB0103EN,4
1308584,CO0401EN,5
573047,DS0105EN,3
910687,PY0101EN,4
1032789,CO0201EN,5
1547751,BC0201EN,5
1058407,BC0201EN,3
1137578,BD0101EN,5
1676221,DV0101EN,3
1524677,ML0103EN,4
704385,ML0151EN,3
1303496,DA0101EN,3
1008779,DS0105EN,5
681553,ML0115EN,3
1805028,CB0103EN,4
1913200,BD0101EN,4
1160324,DS0103EN,3
997238,PY0101EN,5
1123092,BD0111EN,3
746163,DW0101EN,5
1219877,CC0101EN,5
1866295,HCC105EN,3
435901,BD0115EN,3
511689,BC0201EN,4
1089909,RP0105EN,5
628283,CO0101EN,5
700894,DA0101EN,5
1452915,BD0121EN,4
1078494,DS0301EN,3
502979,DS0101EN,3
31054,ST0101EN,4
885092,ML0103EN,3
762884,DS0101EN,5
318484,PA0101EN,3
1165822,CB0103EN,3
418513,SC0101EN,3
1072289,BD0101EN,4
1200150,PY0101EN,4
1178914,BD0141EN,5
985195,DS0105EN,3
80596,RP0101EN,4
784385,DS0103EN,5
1188951,DS0105EN,4
1181837,DS0301EN,5
547256,PY0101EN,3
744158,BD0211EN,5
999442,DS0101EN,4
1048799,ML0115EN,5
1199232,PY0101EN,3
603316,BD0212EN,3
1809231,CNSC02EN,3
1124965,CL0101EN,3
1447034,BD0101EN,5
625486,BC0101EN,4
740056,DV0101EN,3
1656573,DS0101EN,5
642668,BD0111EN,3
1797358,DAI101EN,3
1211263,CO0401EN,5
1481079,BD0101EN,3
1859886,ML0120ENv2,3
1074167,BC0101EN,3
435448,BD0111EN,5
429440,BD0153EN,4
1634307,CC0210EN,3
725193,DS0101EN,4
1194746,BD0101EN,3
1149475,PY0101EN,5
1359015,ML0103EN,5
1937622,PY0101EN,4
2068100,DS0105EN,5
505354,BC0101EN,3
1251362,ST0101EN,4
622174,BD0141EN,3
202693,BD0137EN,4
1518883,PY0101EN,3
886610,ML0122EN,3
385112,DS0103EN,5
2018224,CC0201EN,3
1682833,SC0105EN,5
781236,BD0115EN,4
1106669,ML0115EN,5
1329786,DS0101EN,3
33565,PA0101EN,3
692874,BD0101EN,5
1530083,DS0101EN,4
1047378,CO0101EN,4
1654039,BD0141EN,3
1869409,DV0101EN,5
1071685,CB0103EN,4
1252747,CC0101EN,3
585136,CO0101EN,3
1667430,DS0101EN,5
1270346,CC0103EN,4
991971,BC0101EN,5
1143692,ML0122ENv1,4
1460396,BD0211EN,5
511324,DS0101EN,5
793722,DS0101EN,3
1684405,CB0103EN,4
591491,DS0105EN,4
1796823,CO0101EN,4
1017600,CO0101EN,4
431196,BD0101EN,4
1186616,BC0201EN,3
1619241,BC0201EN,3
86548,DS0105EN,5
1060484,CL0101EN,5
1202989,BC0201EN,3
661276,BD0111EN,4
1056083,BD0101EN,3
1152766,BD0111EN,5
882940,DA0101EN,3
753503,RP0101EN,5
1033530,RP0103EN,4
710669,BD0111EN,4
262937,DS0105EN,5
1803693,DS0105EN,5
1902951,DS0103EN,4
1434413,DS0103EN,5
733697,BD0115EN,4
501429,BD0143EN,5
1865496,BD0211EN,5
1366432,BD0101EN,3
883965,ML0103EN,4
976840,DS0101EN,4
920511,BD0153EN,4
1410349,BD0101EN,4
1803839,ML0115EN,4
733479,DS0101EN,4
318522,ML0120ENv2,5
1568914,DS0105EN,4
1896822,CC0201EN,4
1756385,DS0101EN,3
1045257,CO0201EN,3
1359644,DV0151EN,5
574346,ML0120EN,3
913209,BD0131EN,3
1639508,BD0101EN,4
1324161,CL0101EN,4
512233,DS0101EN,4
965327,CO0101EN,5
635051,BD0211EN,4
1237093,BD0101EN,5
1233226,ML0101ENv3,4
1284647,DS0101EN,3
1170505,ML0101ENv3,4
143871,SC0101EN,3
1630530,CB0103EN,5
514171,DS0101EN,4
1855544,BD0212EN,5
680290,ST0101EN,5
2033707,DS0101EN,3
1803882,DS0110EN,5
476115,ML0151EN,3
1669829,SW0101EN,3
742107,BD0101EN,4
130217,ML0101ENv3,4
566684,BD0101EN,4
2003698,HCC104EN,4
1041497,DV0101EN,5
161857,CP0101EN,3
1694656,LB0107ENv1,3
1441856,ML0120ENv2,3
1606925,DV0151EN,3
1294992,SC0101EN,4
1369147,ST0101EN,4
712885,RP0101EN,3
1242906,SC0101EN,5
903819,BD0111EN,4
1116149,CO0201EN,3
661258,BD0111EN,3
271779,BD0141EN,5
1406259,BD0111EN,3
1696355,ML0101ENv3,3
1554651,ST0101EN,4
903418,DS0101EN,5
1573412,ML0109EN,5
261799,CC0201EN,5
1148436,BC0101EN,5
370964,BD0111EN,4
633297,ML0120EN,5
1323068,DS0101EN,4
663345,ML0115EN,3
1913091,DS0101EN,3
936714,DS0301EN,4
1146951,CC0101EN,5
1190897,DS0101EN,5
1428149,LB0103ENv1,4
1861692,ML0101ENv3,3
1189837,CO0101EN,3
1278041,DS0105EN,3
721890,BD0111EN,5
781236,BD0153EN,5
964897,CP0101EN,5
388971,CB0103EN,4
1948779,ST0101EN,4
1442423,BD0101EN,5
1020494,BC0101EN,3
1072921,CL0101EN,5
1049931,LB0109ENv1,5
202365,BD0123EN,5
1101246,CO0201EN,4
503793,ML0101EN,5
273299,BD0131EN,4
1748286,PY0101EN,3
335747,BD0131EN,3
578201,BD0101EN,5
518400,DS0101EN,3
976899,BD0137EN,3
260271,BD0123EN,3
137278,DS0105EN,3
1583498,DE0205EN,3
503135,ML0109EN,3
1803286,DS0101EN,3
1993870,DV0101EN,5
323544,BD0111EN,4
928030,SC0103EN,5
748999,DS0101EN,4
684125,DA0101EN,4
1430577,CO0201EN,4
282369,ST0101EN,3
624474,BD0141EN,5
1616774,DW0101EN,5
1030736,LB0111EN,3
1019171,DV0101EN,3
657897,CO0401EN,5
1135031,RP0101EN,4
1196068,BC0101EN,4
556714,BD0115EN,5
1274130,ML0101ENv3,5
753853,CC0103EN,4
627202,BD0111EN,4
1284076,DV0101EN,5
1007604,CO0101EN,5
630826,PA0101EN,3
946494,CO0201EN,5
920848,DS0103EN,5
773092,BD0111EN,5
1170643,SW0201EN,3
1159682,PHPM002EN,3
1041527,BD0123EN,4
741937,DV0101EN,5
581902,ML0103EN,4
588900,ML0101ENv3,4
604931,BD0101EN,5
1939680,LB0101ENv1,4
1235534,DA0101EN,3
1209440,PY0101EN,4
1643965,ML0109EN,3
1776673,DB0151EN,4
709659,BD0121EN,5
1185958,BC0201EN,4
1897212,DS0105EN,3
1272956,PY0101EN,4
1453546,PY0101EN,4
686093,TA0106EN,5
476914,SC0101EN,4
1109401,DS0105EN,4
1164306,DS0301EN,4
99234,BD0211EN,5
649858,RP0103EN,5
2026749,BD0101EN,3
371651,DS0103EN,3
609668,DS0101EN,3
1523042,DS0101EN,5
484219,BD0123EN,3
1108226,ML0151EN,4
914985,ML0101ENv3,4
761704,DA0101EN,5
534359,ML0101ENv3,3
1813704,BD0145EN,4
881274,CC0103EN,5
829047,BD0211EN,3
314768,BD0111EN,5
1132523,BD0111EN,4
905449,ML0103EN,5
69124,BD0223EN,4
683675,BD0131EN,4
882971,DV0101EN,5
903467,BD0101EN,5
1233961,BD0111EN,4
1503639,LB0105ENv1,3
682103,ST0101EN,5
191776,BD0143EN,5
306633,BD0141EN,4
1508763,ST0101EN,4
1325409,LB0105ENv1,5
1215855,DS0301EN,3
1759169,DS0110EN,4
1064889,ST0101EN,4
1025658,ST0101EN,3
1117599,CB0105ENv1,4
1862999,DS0101EN,3
556288,ML0120EN,4
755567,ML0115EN,5
741051,ST0101EN,4
1408755,PY0101EN,5
451631,BD0121EN,3
1628689,CB0105ENv1,3
666405,RP0103,4
1466125,BD0101EN,3
1022288,ML0101ENv3,5
1076483,BD0143EN,3
1767837,CP0101EN,5
1200123,DA0101EN,5
1164998,DS0103EN,5
272723,DV0151EN,3
1235490,BD0101EN,3
1060243,DB0101EN,5
1493228,RP0101EN,3
1128878,BD0101EN,3
548370,RP0105EN,3
969827,ST0101EN,4
510528,DS0101EN,5
1408143,BD0101EN,3
675694,BD0111EN,3
716216,CB0103EN,5
1676365,DS0105EN,5
268796,BD0212EN,4
183396,WA0101EN,5
1513254,DV0151EN,5
693363,DA0101EN,5
1290106,BC0101EN,5
555619,DS0301EN,4
1396812,BD0115EN,4
635947,DS0101EN,4
1488020,ML0120ENv2,5
977400,ML0103EN,4
1197531,BD0111EN,3
1941144,CC0101EN,5
1405175,RP0101EN,4
665157,DS0321EN,4
2012091,DS0301EN,4
1404458,BD0111EN,5
1788961,DS0103EN,3
1324721,PY0101EN,5
1459524,DS0101EN,5
1327846,PY0101EN,3
1634318,BD0211EN,5
1017401,DS0103EN,3
1127996,BC0101EN,5
694381,BD0101EN,4
419518,TMP0105EN,3
1588102,BD0143EN,5
755766,DS0321EN,4
886267,PY0101EN,5
407181,ML0115EN,5
644270,BD0131EN,4
1222425,PY0101EN,5
1388315,ML0201EN,3
1769030,PY0101EN,4
1386473,DS0301EN,4
1600215,ML0120ENv2,5
729267,ML0122ENv1,5
1012812,BD0101EN,4
661906,BD0101EN,5
1063555,LB0101ENv1,3
1228215,BD0212EN,3
751859,BD0211EN,5
1887657,ST0101EN,5
1736287,PY0101EN,4
1056046,ML0115EN,5
1457820,BD0101EN,4
1448869,CC0210EN,3
777213,BD0211EN,5
1778880,DB0151EN,3
1396603,DS0301EN,5
1151153,PY0101EN,5
1595706,BD0111EN,3
708107,DV0151EN,4
635946,BD0223EN,3
1121321,BC0202EN,3
668185,DS0103EN,4
966553,CL0101EN,4
1842254,BD0101EN,5
698198,BD0101EN,4
667338,DS0101EN,3
905177,BD0123EN,3
305112,BD0121EN,5
1457938,CO0401EN,3
1744370,BD0143EN,5
473627,BD0115EN,3
708081,BD0101EN,4
924456,ML0101EN,5
674261,DB0151EN,3
1179489,PY0101EN,3
1083096,DS0105EN,3
649822,RP0101EN,3
1614425,RP0101EN,3
736922,BD0101EN,4
58969,BD0123EN,5
1436918,BD0101EN,3
1705622,ML0115EN,3
352769,WA0101EN,4
227280,RP0151EN,3
1477198,ML0101ENv3,5
1473005,PA0101EN,3
763898,DS0101EN,3
727569,TA0105,3
177666,DV0101EN,4
694311,CB0103EN,4
555965,CB0103EN,3
556013,BD0111EN,3
1540761,LB0109ENv1,4
513169,BD0141EN,5
1213254,BD0101EN,3
1225579,BD0101EN,5
1508120,BD0101EN,3
662862,BD0111EN,5
1228296,DS0110EN,4
1540436,BD0101EN,3
1025101,DAI101EN,5
777234,BD0211EN,5
1020982,DS0101EN,4
1448907,TA0105EN,5
516039,DS0103EN,5
1655994,DS0101EN,5
635967,ML0101EN,5
738642,DS0101EN,3
922120,PA0101EN,4
1911178,BC0201EN,4
544003,PA0101EN,4
1074167,CC0101EN,3
680200,BD0111EN,3
193528,BD0133EN,5
758009,BD0101EN,5
1445355,DV0151EN,5
1017760,ML0115EN,5
925668,LB0105ENv1,4
775719,BD0211EN,5
1199232,AI0111EN,3
1058789,DS0101EN,3
282483,BD0101EN,4
1993535,DS0101EN,4
901204,BD0212EN,3
795266,DS0105EN,4
676243,BD0131EN,3
893846,DA0101EN,4
215694,SC0101EN,4
1844333,RP0101EN,5
754039,ML0115EN,3
510391,DS0101EN,3
685677,BC0101EN,5
238576,CC0103EN,3
511794,DS0101EN,5
920594,BD0143EN,4
647181,BD0115EN,5
907789,ML0151EN,5
662476,BD0101EN,4
1337140,DV0101EN,4
1476322,DB0101EN,5
532392,BD0137EN,3
1352486,ML0115EN,4
632127,BD0101EN,5
1178914,DS0105EN,5
637400,DV0101EN,3
299962,BD0141EN,4
1978886,DS0105EN,5
1067116,CC0201EN,3
1917785,ML0103EN,5
302463,BD0211EN,3
483744,SC0101EN,5
1174018,ML0115EN,3
669070,CO0201EN,4
755144,ML0101EN,3
1786869,BC0201EN,3
942588,CO0101EN,5
1226982,BD0101EN,3
1009619,BD0101EN,3
1288526,CC0101EN,3
675198,BD0101EN,4
998254,CC0103EN,3
1306409,SC0101EN,4
1465879,DA0101EN,4
1051886,EE0101EN,5
903040,PY0101EN,4
741383,BD0101EN,4
1264394,DV0151EN,4
1399434,DS0101EN,3
1641942,DA0101EN,4
1326839,PY0101EN,4
1889740,CC0201EN,5
371651,DS0101EN,4
710085,CO0101EN,3
1540840,DA0101EN,3
1238363,DV0101EN,4
1128080,BC0101EN,3
367229,RP0101EN,5
698476,DA0101EN,3
1832901,BC0201EN,5
1321110,ML0109EN,3
647788,DS0105EN,4
1824353,DW0101EN,4
1471844,ML0103EN,5
1990814,SC0105EN,5
1695287,HCC104EN,3
676154,DS0101EN,5
1096356,PY0101EN,4
1803088,BD0101EN,4
726047,CB0105ENv1,3
1403485,BD0212EN,4
598351,ML0120EN,4
1308496,PY0101EN,3
953759,BD0111EN,4
1342226,DS0105EN,5
1210128,CC0250EN,3
1693325,CNSC02EN,3
1428860,DS0110EN,5
576939,EE0101EN,5
1382682,IT0101EN,4
1575014,PY0101EN,4
1629954,DV0101EN,3
876701,CO0101EN,3
1841276,ST0101EN,5
1342226,CC0271EN,4
1321818,BD0111EN,3
1538705,LB0103ENv1,3
1168590,ST0101EN,5
1397001,BD0101EN,4
1177081,SC0103EN,3
1375673,BD0111EN,4
920759,ML0122ENv1,5
1069797,DA0101EN,3
624322,BD0111EN,5
1142206,ML0151EN,4
1080118,ML0120ENv2,4
742251,BD0111EN,5
391562,ML0101ENv3,5
609099,ML0120EN,3
1039450,ML0101ENv3,5
579324,SC0101EN,5
934989,ML0122ENv1,5
955403,BD0211EN,3
1006527,BD0221EN,4
778453,ML0101EN,4
669108,RP0101EN,5
687810,BD0115EN,3
2044470,ST0101EN,5
1028921,LB0101ENv1,4
1081323,DS0101EN,5
745910,BD0131EN,4
1595510,ML0120ENv2,5
895183,BC0201EN,3
1751570,ML0115EN,4
308025,BC0201EN,4
1366111,BD0211EN,4
533069,PY0101EN,5
948421,DS0105EN,4
1048243,LB0103ENv1,3
1341010,ML0101ENv3,5
1544414,DA0101EN,4
1308752,TA0105EN,5
1434587,CC0103EN,3
950724,DS0101EN,3
1012551,DV0101EN,3
1056683,CB0103EN,5
1044882,ML0115EN,4
701548,BD0101EN,4
212424,CO0101EN,5
1106469,RP0101EN,5
1340444,BD0131EN,3
967273,CL0101EN,3
998510,PY0101EN,3
959171,PY0101EN,3
649110,ML0101EN,4
642407,BD0121EN,3
1832099,BC0201EN,3
1061755,CC0201EN,4
937163,BD0101EN,3
1059132,BD0211EN,5
950365,PY0101EN,4
690929,BC0201EN,3
985075,LB0101ENv1,3
1847194,DA0101EN,4
1240303,BC0101EN,4
1251410,PY0101EN,5
456369,BD0141EN,5
1542763,CC0201EN,3
1209970,DS0105EN,3
1646041,DV0101EN,5
2030087,DV0101EN,4
1697555,DS0101EN,3
1802939,DS0301EN,3
1519898,CC0101EN,5
581446,BD0153EN,5
4,BD0153EN,3
974378,ML0115EN,3
894631,ML0151EN,3
1742475,BD0101EN,5
1105895,BD0101EN,5
405183,BD0111EN,3
549622,RP0101EN,5
1351648,CO0101EN,3
1269598,DV0101EN,4
1324233,BC0101EN,5
1756591,SC0105EN,5
994267,DS0101EN,4
948769,DV0151EN,5
1759169,ML0101ENv3,3
1273969,CC0103EN,4
122962,BD0115EN,4
1472336,BC0101EN,4
776333,SC0101EN,3
1937138,ML0120ENv3,3
2032451,EE0101EN,5
1343111,DS0103EN,3
1592023,ML0151EN,3
1044500,BD0111EN,4
1541383,CO0101EN,4
790518,IT0101EN,4
727054,DS0101EN,5
1418415,ST0101EN,3
1079691,DS0103EN,3
1132086,DV0101EN,5
932661,ML0103EN,5
517664,TA0105,3
1527273,DA0101EN,4
1670194,CB0103EN,5
961208,PY0101EN,5
571298,PY0101EN,3
529528,BD0212EN,4
165458,ML0109EN,4
1625683,BD0101EN,3
728295,DS0101EN,5
1520874,DW0101EN,3
1588179,BC0101EN,3
1493986,PY0101EN,4
978818,DA0101EN,5
1719527,CNSC02EN,5
509864,DS0101EN,5
726439,CO0201EN,4
1259041,BD0211EN,4
1913333,PY0101EN,3
1982410,DS0101EN,5
699778,CB0103EN,3
895828,EE0101EN,4
1263867,CC0101EN,5
2071263,CC0101EN,3
1661770,BD0211EN,4
1277446,DS0101EN,3
92073,SC0101EN,5
686879,DB0101EN,4
748093,BD0211EN,5
916123,DS0101EN,3
985198,RP0101EN,4
971487,DS0105EN,5
283603,CO0301EN,3
1362622,TA0105EN,4
1128883,DS0101EN,3
314716,BD0212EN,3
1293273,ML0101ENv3,3
435571,DS0301EN,4
738484,BD0101EN,3
1003617,BD0115EN,5
339611,DS0321EN,3
884799,BD0101EN,3
611867,CB0103EN,3
1912171,DS0301EN,4
1525801,RP0101EN,4
1019513,ST0101EN,4
938949,CO0301EN,4
764962,CB0103EN,4
1567762,DA0101EN,3
453608,DS0301EN,5
768266,ML0115EN,4
8030,BD0101EN,3
677258,CL0101EN,5
1578125,DS0101EN,4
1221871,PY0101EN,4
1436481,ML0101ENv3,5
1476961,DS0101EN,5
1128248,DS0105EN,3
1838731,CO0101EN,4
945931,DS0105EN,3
1331957,DS0103EN,5
487846,DA0101EN,3
1749549,ML0201EN,4
1129342,ML0115EN,3
604268,DS0105EN,4
1044910,BD0101EN,5
1299866,ML0103EN,3
1168368,ML0122ENv1,3
1096097,CO0301EN,5
1213325,BD0111EN,5
1004169,CNSC02EN,3
1179496,DV0151EN,5
698433,DS0103EN,5
499309,BD0141EN,3
1312203,BC0101EN,4
1787671,CC0201EN,4
1882975,BC0101EN,5
748359,PY0101EN,4
549267,CO0101EN,5
1494018,DV0101EN,5
461691,ML0111EN,4
937774,RP0101EN,3
773435,ML0115EN,5
508535,DS0103EN,5
999442,BD0212EN,5
202365,CO0301EN,5
2079951,BD0121EN,3
944200,DV0101EN,5
1159571,BC0101EN,5
1595093,DB0101EN,4
1874850,DA0101EN,5
1580489,DS0301EN,3
1741605,ST0101EN,5
1447924,CO0301EN,3
1779537,DS0101EN,4
1182714,PY0101EN,3
1390854,DV0101EN,5
1506833,CB0105ENv1,4
673492,BD0211EN,5
607583,DA0101EN,5
204680,BD0101EN,4
740373,ML0115EN,3
1575392,PY0101EN,3
361843,DA0101EN,3
1936258,DW0101EN,4
1664926,DS0201EN,5
673371,BD0211EN,3
740038,DS0105EN,3
1540761,LB0111EN,4
160156,CB0103EN,5
1125775,ST0101EN,3
595720,BD0131EN,5
271554,PA0101EN,4
1249834,BC0201EN,5
715614,DS0103EN,4
1132118,ML0101ENv3,4
887314,BD0101EN,3
1686387,PY0101EN,5
774103,DS0105EN,3
1289455,CB0103EN,4
744196,PY0101EN,4
1146764,DS0101EN,4
1491326,CO0101EN,4
433925,DS0101EN,5
1693918,DV0151EN,5
1713286,CO0101EN,3
710544,CB0103EN,3
1639508,DS0101EN,3
512063,DS0101EN,5
751859,CC0150EN,3
1033529,BD0101EN,3
1530443,ML0111EN,4
1121885,CL0101EN,4
1621171,PY0101EN,5
1259800,DS0103EN,3
485817,BD0221EN,5
1651278,CNSC02EN,4
375665,BD0111EN,4
376893,RP0101EN,4
1288138,DS0101EN,3
930507,CO0101EN,5
642665,PY0101EN,3
1033530,BD0121EN,5
631636,SC0101EN,5
1682162,CC0201EN,4
930570,CC0101EN,4
1055584,DS0201EN,5
1436675,RP0101EN,4
786092,DS0101EN,5
1375800,BC0101EN,4
999209,CO0201EN,3
1688856,DV0101EN,3
615513,ML0103EN,3
752710,DV0101EN,4
465631,BD0111EN,3
1446365,BD0101EN,3
1481613,BD0211EN,4
1705786,CNSC02EN,4
1273741,CL0101EN,3
2047603,CC0101EN,3
1444886,PA0101EN,4
1432073,ML0115EN,5
778294,BC0101EN,4
1723756,PY0101EN,3
1024800,ML0115EN,4
1197137,DS0101EN,4
994466,BD0143EN,3
83447,DB0101EN,5
1532206,CC0101EN,4
191776,BD0123EN,5
1889095,DS0103EN,5
507291,BD0153EN,5
1494326,ST0101EN,4
1376022,BD0111EN,3
1616774,LB0101ENv1,4
1428410,PY0101EN,3
720598,CO0201EN,4
1308545,DV0101EN,4
1655581,CB0105ENv1,5
723589,BD0111EN,5
762584,DS0101EN,5
173127,DV0151EN,5
1302817,CO0101EN,3
995904,CC0101EN,5
998442,ST0101EN,4
1190801,LB0109ENv1,3
947842,DV0101EN,3
1825466,CC0103EN,5
1580292,PA0101EN,4
1366565,BD0141EN,5
1478678,DW0101EN,4
1134691,CC0101EN,5
1848960,CC0101EN,5
1253473,ML0101ENv3,5
1173007,PY0101EN,3
443205,DS0105EN,4
424658,ML0122ENv1,3
1878752,DS0103EN,5
946026,ML0115EN,5
545276,ML0115EN,4
737463,BD0111EN,3
1817560,DV0101EN,4
1193758,ML0101ENv3,5
456292,SC0101EN,4
283923,BC0201EN,4
743277,DV0101EN,5
878893,BC0101EN,4
895448,BD0101EN,5
704159,ML0151EN,5
1013390,DV0101EN,4
1237775,ML0101ENv3,3
737951,BC0101EN,4
884446,BD0211EN,5
1293117,ML0120ENv2,3
1875167,DW0101EN,5
721599,BD0211EN,5
559351,CB0103EN,5
1390754,CC0101EN,5
1219826,LB0109ENv1,4
365857,BD0211EN,5
1593249,ML0101ENv3,4
2046621,ML0151EN,4
48,ML0122EN,3
748404,PY0101EN,3
588590,DS0101EN,4
1011472,ML0115EN,4
1426867,ST0101EN,5
956284,CO0101EN,4
1741970,SC0105EN,3
1988254,BC0201EN,5
1330717,DB0101EN,5
628701,CNSC02EN,3
1557867,RP0101EN,4
1387501,BD0211EN,4
1048670,BD0121EN,5
708339,BD0101EN,4
1238920,PY0101EN,5
1110498,PY0101EN,4
36585,CB0103EN,4
729743,BD0212EN,3
491131,TA0106EN,3
1624262,ST0101EN,3
972943,DS0101EN,3
680404,ST0101EN,3
889057,CB0103EN,4
1055977,BC0201EN,5
1503212,DS0101EN,4
1273446,ML0101ENv3,3
1388474,CC0103EN,3
1746036,PA0101EN,4
1101618,ML0151EN,5
493098,ML0103EN,5
1481066,DS0103EN,4
1145703,DV0151EN,3
1381601,BD0101EN,5
1000470,BC0101EN,5
1075575,CC0103EN,3
1655112,DA0101EN,3
1120806,DB0101EN,3
632399,BD0131EN,3
333723,PY0101EN,5
661276,BD0211EN,5
1383489,PY0101EN,4
1205689,CO0101EN,5
969644,RP0105EN,5
1159920,BD0101EN,5
1170459,PA0101EN,4
709863,PY0101EN,4
795618,DS0103EN,4
1453492,DS0103EN,4
1778327,PY0101EN,3
948125,ML0122ENv1,3
789777,PY0101EN,3
1186616,ML0101ENv3,3
768969,BD0111EN,5
622399,DS0103EN,5
1334687,ST0101EN,4
2085653,SC0101EN,4
452253,CO0101EN,3
621197,DS0103EN,4
739793,BD0101EN,4
1504449,PY0101EN,4
1408240,BD0211EN,3
1683056,DS0105EN,4
1789857,BD0111EN,5
1310833,ML0101ENv3,5
1547703,ML0120ENv2,5
731607,CO0401EN,3
896375,BD0101EN,5
1641262,CB0103EN,3
974658,BD0223EN,3
1517740,DV0101EN,4
543011,PY0101EN,5
701581,BD0101EN,5
1651278,DS0103EN,4
1693388,CB0103EN,3
496136,DS0101EN,5
1010892,ML0120ENv2,3
1694386,CC0201EN,4
1436486,CB0103EN,3
1269664,PA0101EN,5
2002070,PY0101EN,5
1624553,PY0101EN,4
1539850,PY0101EN,4
1950424,DB0101EN,3
197189,WA0103EN,5
183396,ML0103EN,5
1372233,DS0101EN,5
1883674,ML0103EN,3
1135501,BD0101EN,5
530121,BD0115EN,4
729845,CB0103EN,5
1169521,BD0115EN,5
1591471,DV0151EN,3
1263255,BD0101EN,3
1940382,CC0201EN,3
1490440,SW0101EN,4
155199,ML0101EN,5
1761524,ML0201EN,3
1779001,CC0101EN,4
696371,BD0115EN,3
591726,BD0211EN,5
1246622,CNSC02EN,3
512326,DS0101EN,3
435008,BD0101EN,4
1222322,HCC105EN,5
1047322,CO0101EN,5
1517893,DS0321EN,5
1207401,BD0211EN,4
999247,WA0101EN,4
1087786,BD0121EN,5
659793,PA0101EN,4
1101166,CL0101EN,3
1461487,DS0105EN,5
902636,DS0101EN,4
1277082,TA0105EN,4
1189125,BD0101EN,4
1488391,ML0120ENv2,5
1893346,DS0105EN,3
1264326,DV0101EN,3
1018290,DS0101EN,3
1261326,ML0101ENv3,5
1672413,RP0101EN,4
957393,CB0103EN,3
682251,DS0101EN,5
1078694,PY0101EN,4
1382739,BC0201EN,4
1328867,ML0122ENv1,3
1408240,BD0223EN,4
138939,PY0101EN,3
885092,DS0301EN,4
1722128,DS0301EN,3
7233,CO0201EN,5
419616,RP0101EN,3
1577466,ML0101ENv3,5
1857118,CO0101EN,4
1171133,BD0121EN,3
605689,BD0141EN,5
1776118,DS0103EN,4
276534,CP0101EN,3
603198,DS0103EN,3
435091,BD0101EN,5
828952,CO0201EN,5
1245413,BD0123EN,4
2088626,CB0101EN,4
1165226,ST0101EN,3
1888971,ML0151EN,4
1744339,DS0103EN,3
1712818,CO0101EN,5
1157345,ML0115EN,5
1684249,DV0101EN,4
533069,BD0143EN,4
1808321,BD0111EN,3
1376442,DS0101EN,5
1433388,LB0105ENv1,5
762472,BD0131EN,3
1506488,RP0101EN,4
600214,DS0103EN,3
1668388,DA0101EN,4
1311021,DV0151EN,5
818737,SC0101EN,5
1330524,RP0101EN,4
1872184,RP0105EN,4
1531385,DA0101EN,5
881474,PY0101EN,3
949441,CO0101EN,4
1081150,DA0101EN,4
1566864,AI0111EN,5
1185713,BD0101EN,5
1616417,BD0111EN,3
1675912,DA0101EN,4
942598,DA0101EN,3
793141,DS0103EN,3
781548,BD0133EN,4
1803712,PY0101EN,4
669123,DA0101EN,3
1121400,CC0201EN,3
1465153,DS0103EN,3
467433,RP0151EN,3
975125,BD0115EN,4
1190391,RP0101EN,4
398093,BD0141EN,5
1670292,DV0151EN,3
1928427,ML0115EN,4
1333715,CC0101EN,3
1894928,PY0101EN,5
1198364,DA0101EN,4
407420,BC0101EN,5
1651130,ML0101ENv3,4
1613751,BC0201EN,3
1263866,ML0122ENv1,3
696407,DV0101EN,5
1229082,BD0211EN,3
1668388,ML0120ENv2,5
1341459,DA0101EN,4
552319,DS0101EN,3
779401,BD0111EN,5
1760541,DS0101EN,4
1419260,BD0101EN,5
323124,DS0101EN,5
1444167,ST0101EN,5
1342127,ML0115EN,4
593899,ML0120ENv2,3
138664,BD0212EN,5
1977092,ML0120ENv3,4
921095,ML0115EN,4
990530,PY0101EN,5
1434454,CC0101EN,3
1252164,CO0201EN,4
1832482,DS0105EN,4
382781,BD0211EN,3
1763386,ML0122ENv3,4
1448864,CC0201EN,3
1339378,DA0101EN,3
1354179,ML0120ENv2,3
708951,CC0101EN,4
1528113,BD0211EN,4
1314753,DV0101EN,3
584451,DS0101EN,4
1103734,ML0101ENv3,4
1461487,DV0101EN,3
1810283,DS0101EN,5
1376732,DB0101EN,5
784988,BD0115EN,4
1438065,BD0101EN,3
685972,RP0101EN,4
897236,DS0101EN,3
1003856,DS0101EN,3
1159201,CO0101EN,5
1507236,BD0101EN,4
1386333,CB0103EN,4
149382,DS0101EN,5
615787,BD0111EN,5
1768789,DA0101EN,5
988252,BD0101EN,4
1224493,ML0151EN,3
631065,BD0221EN,5
1165003,ML0115EN,5
1116498,CL0101EN,5
536622,ML0103EN,3
1642918,PY0101EN,3
1046737,DV0101EN,5
2052832,DS0101EN,4
1535584,BD0101EN,3
1151555,ML0120ENv2,5
1343271,ST0101EN,5
934656,SC0101EN,4
1517843,PY0101EN,5
1189258,PY0101EN,4
683190,PY0101EN,4
980967,DS0101EN,4
1674397,TA0105EN,3
905202,CB0103EN,4
1377948,BC0101EN,4
2046749,BD0212EN,4
710304,BD0212EN,3
1004589,CB0103EN,4
1921697,BD0221EN,5
1142533,DS0103EN,3
935345,DS0101EN,3
669138,RP0101EN,5
1338424,DS0101EN,3
1752931,CC0201EN,4
1450767,COM001EN,4
511574,DS0301EN,3
1633909,CB0103EN,5
1113381,LB0101ENv1,3
1228876,ML0111EN,4
515710,RP0101EN,4
1163257,DV0101EN,5
388256,DA0101EN,4
879286,ML0115EN,3
931463,ML0101EN,4
1514139,ML0101ENv3,3
488967,ML0101EN,3
894863,DS0105EN,5
497473,RP0101EN,4
1563428,DV0101EN,4
1006134,RP0103EN,4
1191644,DS0105EN,4
1076564,BD0101EN,4
1323840,DS0101EN,3
781073,BD0131EN,4
1078813,SC0103EN,3
667880,BD0211EN,5
716603,DS0105EN,3
1323884,ML0101ENv3,3
435751,BD0101EN,3
669525,BD0101EN,5
1018652,ML0115EN,5
1916404,AI0111EN,3
1616774,BC0101EN,5
622358,ML0115EN,5
716617,DS0101EN,4
603336,BD0212EN,5
697950,BD0211EN,5
715326,LB0105ENv1,3
1829082,ML0115EN,5
1813026,BD0101EN,4
1264753,BC0101EN,5
1055327,BD0115EN,5
708189,DS0301EN,3
960869,CB0103EN,5
1074736,PY0101EN,5
1347374,ML0115EN,4
991079,CO0101EN,5
1457642,ML0115EN,4
435090,BD0101EN,3
703704,BD0123EN,3
60054,BD0211EN,3
684332,DB0151EN,5
1416614,PY0101EN,4
1973438,DS0103EN,5
542152,BD0111EN,5
1322854,BD0145EN,4
923071,DS0101EN,5
740853,RP0101EN,3
1902940,BD0133EN,3
1351779,CL0101EN,3
1757606,EE0101EN,5
1314811,DS0101EN,5
1101149,CO0201EN,3
904648,BD0131EN,4
1224869,ML0120ENv2,4
991492,BD0111EN,5
1204178,BD0101EN,3
200396,BD0101EN,5
783076,BD0111EN,5
1018385,BD0101EN,3
791058,ML0101EN,3
1624415,SC0103EN,5
1449197,BD0101EN,4
411835,BD0151EN,4
1980191,CC0103EN,5
976574,CO0101EN,4
268796,PA0101EN,5
760439,PY0101EN,5
1731859,DS0321EN,5
536410,BD0111EN,5
952647,DS0101EN,3
1314770,CO0301EN,4
977677,BD0101EN,5
1677666,DV0151EN,3
1068655,LB0109ENv1,3
1211738,DS0301EN,3
1862847,RP0105EN,5
1193644,BC0101EN,4
1485055,BC0201EN,5
1251426,ST0101EN,4
1831637,ML0115EN,4
295611,TMP0105EN,3
782552,PY0101EN,4
894440,BD0211EN,4
999839,SW0201EN,3
1795192,DS0101EN,3
1264179,BD0101EN,4
1267502,BD0101EN,4
1497628,CO0101EN,3
1191656,ML0120ENv2,4
1223469,BD0211EN,5
512422,DS0101EN,5
713104,BD0111EN,4
691746,PY0101EN,4
1890413,CO0301EN,3
784092,DS0301EN,4
306819,BD0131EN,4
530833,DS0105EN,5
1207735,ML0115EN,3
1010263,CB0103EN,3
621603,BD0131EN,5
633334,BD0211EN,4
337243,BD0141EN,3
935264,ML0122ENv1,5
479047,BD0141EN,5
2017494,DW0101EN,5
1606902,CC0250EN,4
1742489,CC0101EN,3
1001163,BD0211EN,5
913233,CB0103EN,3
665618,RP0105EN,3
1133292,ML0120ENv2,5
1825986,PY0101EN,5
1713118,CNSC02EN,5
1751983,DS0101EN,4
2033559,BD0115EN,5
1087497,ML0151EN,3
350589,DS0103EN,3
1020415,PY0101EN,3
572051,CO0101EN,3
442235,ML0103EN,5
644236,DA0101EN,3
923628,PA0101EN,3
1119503,RP0101EN,5
1477313,DA0101EN,3
784191,CB0103EN,4
1518203,DS0105EN,3
1129478,BC0201EN,4
1134644,BD0211EN,5
984997,DA0101EN,3
1547171,EE0101EN,4
1691054,DS0103EN,4
580271,PY0101EN,4
1841430,DS0101EN,5
1007652,DS0101EN,5
271066,BD0211EN,5
626962,CB0103EN,3
934372,DS0101EN,4
491131,RP0151EN,4
785203,DS0105EN,5
906382,BD0211EN,5
683976,DS0105EN,3
1755922,CB0103EN,5
1382050,PA0101EN,4
357233,CP0101EN,5
997146,BD0115EN,4
1449415,ST0101EN,5
1110191,CC0201EN,4
698551,BD0115EN,3
1156631,RP0105EN,4
1800991,DS0105EN,4
1219450,DS0101EN,5
316675,BD0211EN,4
1357561,BD0111EN,4
1389814,BC0201EN,4
941250,DS0101EN,3
1019977,DS0110EN,3
1828832,CC0101EN,5
1977135,DA0101EN,5
729831,DS0105EN,4
670311,BD0212EN,4
1386422,CB0105ENv1,5
327156,TA0105,5
1651723,PY0101EN,5
544645,DS0101EN,5
1527604,DS0301EN,4
1271176,BD0123EN,4
964018,ML0101EN,4
778879,WA0101EN,3
459018,BD0121EN,5
1300119,ML0101ENv3,4
1150116,SC0101EN,5
1194894,DS0110EN,3
1538855,CNSC02EN,4
1201170,DW0101EN,5
1400698,ML0101ENv3,5
964979,BD0101EN,5
1477658,DAI101EN,5
1078813,SC0105EN,5
1702354,ML0103EN,5
1643714,PY0101EN,3
2062451,PY0101EN,5
907499,PY0101EN,3
1711456,DA0101EN,3
905640,BD0111EN,5
592757,SC0103EN,3
986081,DV0101EN,4
536447,BD0101EN,5
1400017,LB0103ENv1,4
1884666,CC0201EN,5
1545836,DV0101EN,5
1665610,ML0115EN,4
1234403,DS0201EN,5
980456,BD0133EN,3
1293445,BC0101EN,3
1011162,BD0101EN,4
1087368,CC0103EN,3
1635484,ML0122ENv1,3
1470532,ML0115EN,5
1093419,RP0101EN,3
1053783,WA0101EN,5
639271,BD0101EN,3
680251,DV0101EN,4
578598,PY0101EN,3
266370,BD0101EN,3
1824321,DS0103EN,4
777878,DS0103EN,3
1744496,DS0105EN,3
1104785,PY0101EN,3
1095915,BD0135EN,4
1807544,CC0201EN,4
715536,DS0103EN,4
304659,RP0101EN,5
1204808,BD0141EN,4
1165308,DB0101EN,5
1263231,DS0101EN,5
1478352,DA0101EN,5
422343,DS0101EN,4
631324,PY0101EN,3
1878593,DS0110EN,4
1483509,DV0101EN,5
1324570,BD0135EN,5
909186,BD0111EN,5
1150495,DS0105EN,4
1113070,BD0211EN,5
765082,CC0150EN,3
381280,CB0103EN,5
1604512,DA0101EN,4
1790330,BD0101EN,3
698557,CC0103EN,5
1341273,DW0101EN,4
775613,CC0201EN,5
1648719,RP0101EN,4
1098862,CL0101EN,4
555528,BD0143EN,5
1678404,PY0101EN,4
577402,PY0101EN,4
1842120,ML0109EN,4
1934757,CC0103EN,4
991737,CL0101EN,4
1428149,LB0107ENv1,4
905451,BD0101EN,5
1267861,DS0101EN,5
1322588,CC0201EN,3
762954,DS0101EN,5
1339682,PY0101EN,5
412896,ML0120EN,4
920645,BD0101EN,3
1493613,DS0110EN,4
953281,DB0151EN,5
731244,BD0121EN,4
766730,RP0101EN,5
746163,BC0101EN,3
942261,DS0101EN,5
481321,ML0101EN,5
1808321,ML0115EN,4
1699250,ML0122ENv3,3
880973,BC0101EN,5
1594056,CO0101EN,3
1462721,DA0101EN,3
1395889,SC0101EN,5
235187,BC0201EN,5
409785,BD0101EN,5
674123,BD0111EN,5
631042,ML0115EN,5
1351298,BD0101EN,3
1267861,BD0131EN,3
1479038,CC0101EN,5
1913200,DV0151EN,4
665295,BD0211EN,4
425429,CO0201EN,4
879697,ST0101EN,5
354303,DS0301EN,3
1469426,BD0221EN,3
1695553,DS0103EN,3
789308,ML0120ENv2,3
1182512,BD0111EN,3
1127436,DA0101EN,3
1274232,ML0103EN,3
954863,ML0122ENv1,3
1245413,DS0105EN,5
972730,ML0115EN,3
21577,BD0212EN,3
902258,DS0301EN,5
646580,ST0101EN,4
749289,ST0101EN,4
755060,BD0111EN,5
552512,ML0101EN,5
109915,BD0111EN,3
1802887,DA0101EN,3
1271298,DA0101EN,5
935345,BD0221EN,3
1725978,BD0111EN,5
1560486,DE0205EN,3
1107774,ML0101ENv3,5
1564596,DA0101EN,3
1321242,DV0101EN,3
627172,PY0101EN,5
698513,CB0103EN,3
1564847,DA0101EN,3
1293296,PY0101EN,5
1134386,DA0101EN,5
582390,RP0101EN,5
992616,CO0101EN,4
1107257,BC0101EN,5
922140,RP0105EN,5
300702,ML0103EN,3
1584014,CC0101EN,5
1219983,BD0131EN,3
1946506,BD0211EN,5
1227949,DS0301EN,4
919209,CO0101EN,3
553308,BC0101EN,3
603336,BD0133EN,4
1867458,CO0301EN,4
1444167,BD0101EN,5
1361813,BD0211EN,3
1890051,TA0105EN,4
713906,DS0105EN,4
1401699,DB0101EN,3
1366187,ML0151EN,5
1013515,BD0211EN,4
1137949,DS0101EN,5
708511,BD0131EN,3
1749544,ML0120ENv2,5
695729,DB0101EN,3
726041,DA0101EN,5
1150113,PY0101EN,3
1588559,CC0103EN,3
1051369,BC0101EN,3
884254,DA0101EN,3
1120474,DV0101EN,5
1245545,PY0101EN,3
435739,BD0121EN,4
1567821,CC0201EN,3
1544631,RP0101EN,5
1307301,PY0101EN,3
703639,ML0120EN,3
930917,CB0105ENv1,5
2068100,BC0101EN,3
1017760,DS0101EN,5
1447034,DS0103EN,4
1252062,DS0105EN,4
1201310,DS0301EN,4
1303637,BD0123EN,3
952913,BD0115EN,4
1838292,LB0109ENv1,5
378162,DS0101EN,5
1268480,ML0115EN,4
1694656,CC0250EN,3
1551427,DS0101EN,4
1606667,BD0211EN,4
742989,SC0101EN,3
954555,DA0101EN,5
1331100,BC0101EN,3
1667061,ST0101EN,5
1919988,DS0105EN,5
595572,PA0101EN,4
941195,ML0120ENv2,3
1208081,ML0120ENv2,5
519242,ML0101ENv3,4
5,CL0101EN,4
1541687,DS0105EN,3
559205,CO0301EN,3
393600,BD0101EN,3
300717,ST0101EN,5
2056952,DS0101EN,5
1680202,DA0101EN,3
764158,DV0101EN,4
1281394,ML0122ENv1,5
1725898,DS0101EN,3
713626,CB0103EN,4
492591,WA0101EN,3
878566,BD0101EN,3
561247,ML0120ENv2,5
1131812,CO0101EN,4
635765,BD0111EN,3
639235,CB0103EN,4
697815,DB0151EN,5
267599,ML0101EN,5
682966,WA0101EN,5
1072275,DS0101EN,5
499150,BC0101EN,3
1637328,DV0101EN,3
1804498,DS0110EN,3
1358032,ML0101ENv3,4
1674226,BD0101EN,4
1715864,DV0101EN,3
1767654,CC0103EN,5
1877036,BC0202EN,3
1694741,PY0101EN,3
597376,DA0101EN,3
765762,BD0211EN,3
1374081,BD0111EN,5
1852595,DV0101EN,5
1387529,DS0321EN,3
1252409,CC0101EN,3
510494,DS0101EN,3
1060120,DS0105EN,4
686847,BD0111EN,5
1848327,DB0101EN,4
1613788,BD0141EN,5
596762,DV0151EN,5
649701,ML0151EN,4
1381167,BD0133EN,4
907499,RP0101EN,5
986196,DS0101EN,4
499001,BD0123EN,5
742215,BD0131EN,3
1805546,DS0101EN,5
1139688,BC0101EN,5
1847555,DV0101EN,3
962593,ML0103EN,3
1720300,CO0101EN,5
1097028,DA0101EN,3
1500327,ML0115EN,3
707860,CB0103EN,4
1464809,BD0211EN,5
928288,ML0101ENv3,3
1180308,BD0131EN,4
1368592,BD0121EN,4
503264,BD0111EN,4
1187359,ML0101ENv3,5
58,BD0111EN,4
906566,DV0101EN,4
382781,DA0101EN,5
1529167,CO0401EN,4
1224710,CC0103EN,4
1858150,CO0101EN,5
735481,BD0145EN,3
1292893,CO0301EN,3
1306079,PY0101EN,3
1206564,CO0301EN,4
931234,DS0103EN,5
2039661,CC0150EN,3
1537195,SC0105EN,4
738198,DS0105EN,5
702098,DA0101EN,4
2024826,BD0101EN,4
665157,ML0151EN,5
1174497,BD0211EN,3
534538,DS0101EN,3
491646,WA0103EN,5
1798951,DB0101EN,4
1992148,BC0101EN,4
680188,RP0101EN,5
636717,BD0101EN,3
1172025,PA0101EN,5
526517,BD0131EN,3
669255,DS0132EN,5
548855,LB0101ENv1,3
1163898,DB0101EN,3
1114035,ML0201EN,3
783684,CC0103EN,3
1569709,CC0101EN,4
1630114,PY0101EN,4
182788,BD0101EN,4
1098265,BD0141EN,3
791198,CP0101EN,3
1630223,DW0101EN,5
573047,DB0101EN,5
1030036,LB0101ENv1,3
1293564,DS0105EN,5
350589,BD0101EN,4
496041,DS0103EN,5
944670,SC0101EN,4
1723685,DS0103EN,3
438147,BD0121EN,3
1760524,DB0101EN,4
435901,BD0133EN,3
1129012,DV0151EN,5
1600178,PA0101EN,5
1801757,CC0101EN,5
921983,DS0103EN,4
480388,BD0211EN,4
936771,ML0122ENv1,3
1206257,ML0101ENv3,5
1097869,PY0101EN,4
1001163,BD0111EN,4
605722,RP0101EN,3
1563847,BD0211EN,3
1149351,BD0101EN,3
610251,PY0101EN,5
428501,TA0105,3
1208933,BD0111EN,3
1869524,TA0105EN,5
1313977,RP0101EN,3
1734199,ML0115EN,5
482039,BD0115EN,3
1097376,BC0101EN,5
697316,BD0111EN,5
1894928,ML0101ENv3,5
1752915,PY0101EN,3
1005575,DS0105EN,4
989451,DA0101EN,4
1218501,ML0122ENv1,3
1342076,ML0101ENv3,5
425250,DS0101EN,5
1891709,ML0120ENv3,3
674123,BD0101EN,3
973005,RP0103EN,5
1856707,BD0101EN,5
1173544,CC0201EN,4
1518909,ML0111EN,5
1023408,ML0115EN,3
510948,DS0103EN,3
1938340,ML0111EN,4
1126742,BD0111EN,4
950895,BD0101EN,3
942216,BD0141EN,4
542526,BD0141EN,3
276512,BD0211EN,5
1739772,BD0111EN,3
305112,DB0151EN,4
633334,BD0111EN,3
2034372,DB0101EN,4
709560,DS0101EN,3
1083063,ML0201EN,3
1358492,CC0210EN,3
565214,DS0301EN,4
596587,BD0212EN,3
700917,DA0101EN,4
1595357,BD0111EN,3
888048,DS0101EN,4
962726,ML0151EN,5
1952117,BD0143EN,5
1919394,BD0212EN,3
1631980,CO0301EN,4
1028104,BD0141EN,3
408802,BD0212EN,5
2052832,CC0103EN,4
233627,BD0211EN,3
1513775,DS0101EN,5
626732,RP0105EN,3
1984056,ML0101ENv3,4
1064506,PY0101EN,5
715536,CO0301EN,3
727435,BD0221EN,3
625923,DS0101EN,4
1952697,CC0103EN,3
1185909,DS0105EN,4
906058,BD0111EN,3
1756548,ML0101ENv3,5
1459945,ML0101ENv3,5
1427857,RP0101EN,3
717794,DB0151EN,5
954414,CB0103EN,5
1146994,PA0101EN,4
1509813,TA0105EN,4
1804601,DV0101EN,3
1085133,ML0122ENv1,5
1046811,BD0212EN,4
1382984,CC0101EN,3
676484,BD0101EN,4
392288,BD0141EN,4
593828,DS0101EN,5
792739,BD0123EN,5
1205373,CC0103EN,3
982271,PY0101EN,4
1259800,DS0101EN,5
1147194,CO0101EN,4
740331,BD0101EN,5
1034313,BC0101EN,5
435245,BD0101EN,3
1078494,BD0131EN,4
919347,PY0101EN,5
1634097,BD0211EN,3
905533,BD0211EN,3
1081426,BC0101EN,3
1045484,CO0201EN,3
1779206,DV0151EN,4
1331957,CC0201EN,3
1915248,ML0115EN,4
1118880,BC0101EN,3
688152,BD0211EN,4
1176599,BD0111EN,3
1569089,BD0211EN,3
1741295,ML0120ENv2,5
1773071,DAI101EN,4
977515,DS0101EN,3
571547,BD0111EN,4
1167019,CO0201EN,4
1152429,ML0103EN,3
731229,BD0101EN,5
1170505,DS0103EN,3
1948248,IT0101EN,3
1279516,RP0101EN,5
380098,ST0101EN,3
1233319,ML0120ENv2,5
1021205,WA0101EN,3
1659210,DS0105EN,4
1914621,ST0101EN,5
669314,DV0101EN,5
910499,CB0103EN,4
781162,ML0122ENv1,5
1566501,ML0101ENv3,5
1276104,DV0101EN,3
795582,CO0301EN,3
429440,PY0101EN,3
1560486,CNSC02EN,5
692112,BD0211EN,5
1231465,BD0111EN,4
631065,SC0105EN,3
1308392,DB0151EN,3
1003378,CB0103EN,4
972754,BD0111EN,3
968471,PY0101EN,3
971636,DV0101EN,4
1122468,CO0201EN,5
2014380,DS0105EN,3
785073,CO0101EN,3
1388470,BD0101EN,3
1949115,DA0101EN,3
736998,CC0103EN,4
1161635,BD0101EN,5
664417,ST0101EN,4
760594,RP0101EN,4
299495,DB0101EN,4
1131804,ML0101ENv3,5
1433388,BC0101EN,4
696522,CB0103EN,5
1422087,BC0101EN,5
588338,CC0201EN,4
763840,PY0101EN,4
1225253,DB0101EN,3
929840,DS0103EN,4
525177,ML0120EN,5
1803965,DS0103EN,5
267013,EE0101EN,3
1805028,ST0101EN,5
1000171,BD0101EN,5
1978492,ST0101EN,3
583987,ML0120EN,4
1092050,CC0201EN,3
434803,DS0301EN,3
1346294,DS0103EN,3
1311300,PY0101EN,3
935538,CC0201EN,4
606214,DA0101EN,3
1120491,SC0103EN,5
1487544,PA0101EN,3
1118405,BD0212EN,4
1255547,ML0115EN,5
1244104,CO0101EN,5
1845353,CC0101EN,4
1732293,DA0101EN,3
903005,CC0103EN,5
775418,PY0101EN,4
511836,DS0103EN,4
1734364,CC0150EN,4
1065000,BC0201EN,3
1986892,BC0201EN,4
660169,SC0101EN,3
1655246,RP0105EN,5
505631,SC0101EN,5
1184580,BC0101EN,4
1062235,CO0201EN,3
792652,DW0101EN,4
1921241,ML0101ENv3,5
1662401,CB0105ENv1,5
1676221,DV0151EN,5
1624996,BD0115EN,5
1148844,DS0103EN,4
950653,BC0201EN,4
760376,ML0101EN,4
255070,ML0120ENv2,4
1831637,BD0111EN,4
910630,ML0115EN,5
1803115,CNSC02EN,4
185072,ML0151EN,4
1802250,PY0101EN,5
1097376,CC0210EN,5
979050,BD0211EN,4
365722,ML0122ENv1,5
298186,SC0105EN,3
348013,RP0103,4
1234904,DS0321EN,3
711499,ML0115EN,4
1089894,DW0101EN,3
968390,DS0101EN,3
2010802,BD0123EN,3
1440463,DS0103EN,4
828900,BD0121EN,3
1502282,ML0103EN,4
43704,BD0101EN,4
792652,ML0103EN,4
626975,RP0101EN,5
505760,DB0151EN,4
1824353,BD0101EN,3
1593601,PY0101EN,4
679983,BD0101EN,5
781125,BD0131EN,5
1850609,ML0101ENv3,3
2053605,DS0103EN,3
1912812,DS0101EN,5
1750215,DB0101EN,5
1067002,BC0101EN,5
1416459,CB0105ENv1,5
725316,ML0120EN,5
969696,DB0151EN,4
1652682,CB0103EN,4
1137444,CO0401EN,5
1254622,ML0151EN,4
1600079,CC0103EN,4
943144,ST0101EN,3
920759,DS0103EN,4
1914226,DW0101EN,5
1304559,DS0105EN,5
1492389,BD0101EN,4
1004477,ML0151EN,3
1271686,SC0105EN,3
1801743,DA0101EN,5
1340756,BD0141EN,3
708131,BD0115EN,4
1021205,BD0131EN,3
1324161,DS0101EN,4
897833,CNSC02EN,5
780487,DS0103EN,3
952080,CC0101EN,5
990222,CO0101EN,3
1490862,ML0101ENv3,3
345815,ML0115EN,5
973904,BD0111EN,4
987876,CO0301EN,5
765699,ML0151EN,4
1879434,DV0101EN,3
768266,ML0151EN,5
1288558,BC0101EN,4
578455,BD0223EN,4
2026020,OS0101EN,3
1779537,DS0105EN,5
1357636,IT0101EN,4
556609,ML0109EN,3
1272589,DS0105EN,3
1247575,BD0101EN,3
545095,BD0101EN,4
1404420,BD0131EN,3
1076483,CL0101EN,3
1768637,ML0122ENv3,4
984568,BD0211EN,5
1625683,LB0101ENv1,3
1112238,BD0115EN,5
1070815,CO0101EN,4
626732,DA0101EN,5
1780965,PY0101EN,3
946447,CB0103EN,3
342942,BD0101EN,3
1071340,CC0103EN,5
423182,RP0151EN,5
649858,CO0301EN,5
36321,DS0103EN,4
1302127,CC0101EN,3
1977505,ML0115EN,4
1763778,DS0103EN,5
377825,RP0151EN,4
1858735,DS0105EN,3
767649,BC0101EN,4
728952,OS0101EN,3
1895599,DB0101EN,4
1286840,BD0111EN,3
1541529,DB0101EN,4
1513344,DS0105EN,5
1719130,ML0111EN,5
1379380,DS0101EN,3
787383,CB0103EN,4
1873470,RP0101EN,5
1015815,DA0101EN,5
1186720,DV0101EN,5
537044,CO0401EN,3
1004587,PY0101EN,5
1604888,CC0101EN,5
1001612,DS0105EN,5
1271787,DS0301EN,5
1266921,DS0105EN,4
768957,BD0111EN,4
241333,DB0101EN,4
1007453,DS0101EN,4
554301,DS0101EN,5
1153587,CL0101EN,5
506232,PA0101EN,4
874786,DV0101EN,3
601454,PY0101EN,3
1282572,DS0110EN,4
188947,DJ0101EN,3
503365,BD0211EN,3
954900,BD0101EN,4
589902,DS0105EN,5
1150284,SC0101EN,4
1117984,ML0101ENv3,4
1047084,DV0101EN,5
1005486,DS0103EN,4
1438597,RP0105EN,3
1451575,DAI101EN,4
1652682,ML0115EN,5
1015815,DV0101EN,4
254765,DS0103EN,5
1754587,CB0103EN,4
1906030,DA0101EN,5
971881,CL0101EN,3
1867970,DV0101EN,5
1115594,LB0109ENv1,4
966059,BC0101EN,3
1708393,BC0201EN,3
1278439,DS0110EN,3
1571986,DS0105EN,4
434820,BD0111EN,5
1551834,PY0101EN,4
668904,WA0101EN,5
518307,DS0105EN,4
63535,CC0250EN,4
1293045,CB0103EN,5
1527037,DB0101EN,4
1553558,CO0101EN,3
1621789,ML0109EN,3
1803270,ML0101ENv3,4
1165298,SC0105EN,4
1802139,DV0101EN,4
676227,BD0133EN,4
937774,BD0211EN,5
304263,BD0145EN,5
1957934,BD0101EN,4
1100425,DB0151EN,3
1081555,DS0103EN,4
1216550,DA0101EN,4
1228973,CNSC02EN,3
638111,PY0101EN,3
1685652,PHPM002EN,4
1599089,BD0115EN,4
730445,RP0101EN,5
1608307,DS0101EN,3
380136,LB0103ENv1,3
1219105,DV0101EN,3
1920562,DS0101EN,5
1755977,BD0111EN,3
1401204,BC0101EN,3
1215140,CB0103EN,3
213427,CC0103EN,3
1048184,CL0101EN,3
604185,BD0101EN,3
1216335,TA0105EN,5
1276788,CB0103EN,4
635645,BD0111EN,3
586727,TA0105EN,4
1976364,DS0101EN,4
587741,ML0115EN,3
1347084,ML0101ENv3,3
2028876,CC0101EN,3
2087663,BD0211EN,4
1257691,CO0301EN,4
435071,WA0101EN,3
1566044,CO0101EN,5
711499,PY0101EN,5
1018569,LB0105ENv1,5
382887,PY0101EN,3
1099733,DA0101EN,3
966841,CO0101EN,5
367731,ML0151EN,4
1667795,CC0103EN,3
1322733,CC0210EN,4
1028170,IT0101EN,4
1423793,CC0101EN,3
388284,SC0101EN,3
1060254,DS0101EN,5
1210128,BD0121EN,3
1517771,DS0105EN,5
1802998,ML0101ENv3,5
949441,BC0101EN,5
1898851,DA0101EN,4
1303921,ML0101ENv3,3
220688,BC0101EN,4
1331944,DA0101EN,4
1235041,ML0115EN,5
1082516,BD0143EN,4
888995,BD0101EN,3
1056211,BD0135EN,4
973934,BC0101EN,5
897552,ML0101ENv3,4
509590,BD0145EN,5
643370,ML0101ENv3,4
696272,BD0111EN,3
1328088,DS0103EN,5
1816983,ST0101EN,3
300465,DS0101EN,4
1893066,BD0221EN,5
1071478,ST0101EN,5
1875829,BD0111EN,3
1329534,BC0201EN,3
759656,DS0301EN,4
1819558,ST0101EN,4
1303456,BC0202EN,4
1954353,DV0101EN,5
1909478,DS0101EN,3
1190379,CO0101EN,3
898120,PY0101EN,3
596762,DB0101EN,3
1246268,CL0101EN,4
613039,DS0301EN,3
577230,ML0103EN,4
1452680,DV0101EN,3
138452,DA0101EN,4
911318,DS0101EN,4
994284,BD0111EN,3
626977,DS0101EN,5
1806145,CC0101EN,5
953513,PY0101EN,4
1022546,ML0122ENv1,4
721880,ST0101EN,5
26339,BD0101EN,5
1637328,ML0101ENv3,5
1100282,RP0101EN,4
629287,PY0101EN,3
1099374,CO0201EN,4
262688,BD0143EN,4
1497636,DAI101EN,3
1210818,DV0101EN,3
1730325,BC0201EN,4
1753413,CB0103EN,3
1958489,SC0105EN,4
2044985,CC0101EN,3
1537542,DV0101EN,3
1046879,RP0101EN,4
1079186,PY0101EN,4
494082,CB0103EN,5
949513,CL0101EN,3
1133715,BD0131EN,3
80186,BD0115EN,5
999442,BD0111EN,4
482683,DV0101EN,4
1302048,DS0101EN,4
956284,DA0101EN,5
1990035,DS0103EN,3
1610254,ML0120ENv2,4
1939715,BD0221EN,5
1500566,DV0101EN,4
1145678,CC0103EN,5
671186,DS0101EN,4
795537,CO0101EN,3
1306822,ML0109EN,3
1550451,DS0103EN,4
372155,PA0101EN,5
1743870,DA0101EN,4
589902,DS0321EN,3
1548434,BD0111EN,3
182509,CL0101EN,5
1090870,SW0101EN,5
266858,CB0103EN,3
1324992,BC0101EN,3
1501165,TA0105EN,4
418340,DS0101EN,5
1179177,BC0201EN,4
1153499,PA0101EN,5
1484317,ML0101ENv3,5
1098717,DA0101EN,5
1639796,BD0131EN,5
1142745,BD0211EN,3
1855256,DS0101EN,5
1766767,CNSC02EN,5
328510,CB0103EN,4
1008783,ML0115EN,4
403404,ML0115EN,5
1808215,DV0101EN,5
884962,CO0201EN,4
1032093,ML0120ENv2,4
569275,BD0137EN,5
984959,BD0212EN,3
777763,ST0101EN,5
877593,ST0101EN,4
1768965,BD0111EN,5
1119982,BD0135EN,4
874960,ML0120EN,4
582222,ML0122ENv1,4
328980,ST0101EN,4
1118569,DS0101EN,4
908140,CNSC02EN,5
246282,BD0143EN,5
1616227,PY0101EN,4
1437643,BD0101EN,4
720210,CO0201EN,3
193652,PY0101EN,4
625013,PA0101EN,3
593055,BD0111EN,4
442078,RP0151EN,4
786015,PY0101EN,4
1737203,ST0101EN,4
1945956,DS0101EN,4
876415,BC0101EN,5
1736675,PY0101EN,4
1142607,PY0101EN,5
711018,BD0145EN,5
1030586,PY0101EN,5
1028648,DS0101EN,5
948920,DB0101EN,5
945329,DS0105EN,4
1200882,DS0101EN,5
1210527,CC0101EN,4
1684405,BD0143EN,4
1237528,BD0115EN,3
1489846,CC0103EN,3
83447,BD0133EN,3
674512,BD0111EN,4
767706,BD0212EN,3
881235,WA0101EN,3
917691,CO0301EN,5
562272,ML0120EN,3
1282228,DS0105EN,3
1480487,CB0103EN,4
1576118,ML0109EN,4
1262324,ML0122ENv1,5
481505,ML0101EN,5
1870890,ML0101ENv3,4
1503472,PY0101EN,4
948920,DV0151EN,4
888814,CO0101EN,3
62816,BD0101EN,4
1865421,ML0101ENv3,5
828895,BD0101EN,3
1803398,CC0101EN,3
1186559,ML0120ENv2,3
137541,DS0301EN,4
532748,CO0201EN,5
1597465,BC0101EN,4
1357841,DS0301EN,5
1307255,DV0101EN,5
182289,PY0101EN,5
632376,PY0101EN,3
624855,RP0101EN,5
602509,BD0111EN,4
1240122,ML0115EN,5
1154117,DS0103EN,5
623551,BD0115EN,4
1761291,DW0101EN,5
1475296,DB0151EN,4
792681,BD0137EN,3
1252293,CO0101EN,3
1494221,PY0101EN,4
1112061,LB0107ENv1,4
575026,RP0101EN,3
382804,BC0201EN,3
1263650,BD0101EN,4
1740897,BD0123EN,4
505631,DJ0101EN,5
1274908,PY0101EN,4
1567872,BD0111EN,3
752471,ML0101ENv3,4
511593,DS0101EN,3
1456540,CO0201EN,4
1265284,DS0101EN,4
1772882,LB0111EN,3
1664611,DA0101EN,3
693536,BD0211EN,4
756630,ML0122ENv1,4
618952,SC0101EN,5
1139912,CB0103EN,3
1266946,DV0101EN,5
1688085,RP0101EN,3
1261093,CL0101EN,5
1276936,PY0101EN,3
512661,RP0101EN,5
788136,BD0141EN,5
1508017,DS0103EN,4
1005709,PY0101EN,3
925617,BC0101EN,3
1103331,DS0105EN,3
1944134,BC0101EN,5
929244,ML0101ENv3,5
660911,TA0105,3
189131,BD0221EN,5
555383,BD0141EN,3
1843482,DS0101EN,5
1897235,CB0101EN,3
1151101,BD0111EN,3
1181172,ML0101ENv3,3
580850,CO0201EN,3
1615080,DS0103EN,4
1614473,CC0101EN,4
421600,LB0101ENv1,5
1226862,SC0103EN,3
1972146,DS0101EN,3
435390,RP0151EN,4
1150284,BD0211EN,3
884962,TA0105,3
660425,CL0101EN,4
457919,ML0103EN,3
1014426,CC0101EN,5
752708,CC0101EN,3
1031907,BC0201EN,5
778187,WA0101EN,3
1412413,CB0103EN,4
612288,ML0122ENv1,3
1321228,BC0101EN,3
673371,BD0131EN,5
1219232,DS0103EN,3
880854,ML0120ENv2,4
1138287,ML0101ENv3,5
793367,ML0101EN,3
388459,RP0101EN,3
1914991,PY0101EN,5
1623313,DB0101EN,3
1776253,PY0101EN,4
695141,CC0101EN,5
766178,CO0101EN,4
935077,BC0101EN,3
594916,DS0301EN,5
740290,CL0101EN,4
1462256,RP0105EN,4
966818,CB0103EN,5
700921,DS0321EN,3
1563126,DS0321EN,5
511239,DS0101EN,3
774447,TA0106EN,5
1255648,CNSC02EN,5
1061605,BC0101EN,4
1174628,ML0101ENv3,3
1711897,CC0210EN,3
1801394,PY0101EN,5
185072,RP0151EN,4
1057164,BD0101EN,5
1803584,DS0103EN,4
426541,DS0105EN,3
986622,ML0122ENv1,4
647519,CC0150EN,3
970024,DS0105EN,5
1169918,DA0101EN,3
286809,DB0151EN,3
709659,BD0212EN,5
501486,RP0101EN,5
992866,DS0105EN,3
435485,BD0101EN,3
1348316,ML0111EN,4
120240,BD0111EN,4
727194,BD0141EN,3
1635167,CB0103EN,5
381205,CB0103EN,3
790420,ML0120ENv2,4
1637009,CC0101EN,5
755428,BD0141EN,5
280337,PY0101EN,4
1447495,BD0133EN,4
1819558,DV0101EN,4
1215393,DS0103EN,3
977032,ML0151EN,5
1832099,ML0115EN,3
482318,BD0121EN,5
769461,DS0105EN,4
576503,BD0211EN,3
930916,BD0111EN,5
1045819,DA0101EN,4
1431071,DS0105EN,3
1479480,ML0101ENv3,5
883153,BD0101EN,5
1734053,DS0321EN,5
581036,PY0101EN,3
1160776,BD0101EN,3
318625,SC0105EN,4
717655,BD0101EN,3
1362975,DA0101EN,3
1076913,BC0101EN,3
776333,DS0103EN,5
685908,DB0101EN,5
937693,DS0105EN,3
944247,BD0111EN,3
1483724,DA0101EN,3
108541,PY0101EN,5
1421627,BD0212EN,4
262393,WA0101EN,3
1678403,BD0141EN,5
248335,BD0131EN,3
1233957,CL0101EN,5
1503269,DA0101EN,4
941589,SC0101EN,5
523103,BD0101EN,4
1361312,BC0201EN,5
516151,RP0101EN,5
702227,BD0111EN,5
970024,ML0115EN,3
959545,BD0212EN,4
1202378,ML0122ENv1,5
1208551,ML0103EN,4
1135807,PY0101EN,5
1606944,BD0101EN,3
1414687,ML0101ENv3,3
640933,DB0101EN,5
981042,CC0101EN,5
628423,BD0111EN,3
622207,BD0111EN,4
1044856,BC0201EN,3
1694884,DV0101EN,3
889488,RP0101EN,5
793612,DB0101EN,5
1607362,BC0202EN,5
502433,PY0101EN,4
1254148,CL0101EN,4
688234,DA0101EN,3
920004,ML0101EN,3
1528646,DS0103EN,3
994556,CO0201EN,4
939893,ML0115EN,5
601884,CC0101EN,4
507699,BD0111EN,5
2082124,SC0105EN,4
565782,BD0141EN,3
1803403,ML0115EN,3
1252690,ML0101ENv3,4
1851680,BD0123EN,4
1258580,CO0101EN,5
1478251,CO0101EN,5
670589,BD0101EN,5
550668,CO0301EN,3
1776860,PY0101EN,4
669558,DS0101EN,3
1371146,DS0103EN,5
1165299,RP0105EN,3
223512,SC0105EN,4
1211698,CO0201EN,4
1161176,BC0201EN,4
595910,BD0115EN,4
608432,BD0135EN,5
1475618,PY0101EN,5
1003062,ML0101ENv3,3
526748,DS0103EN,5
1858014,RP0101EN,3
2062350,CO0301EN,3
1149012,LB0105ENv1,3
1657897,DA0101EN,4
304606,BD0111EN,3
558332,DA0101EN,3
661891,CO0301EN,3
1967041,CC0210EN,5
435603,ML0101EN,3
778294,DS0101EN,5
239264,SC0101EN,5
1465638,CC0101EN,5
1919040,DS0103EN,4
763956,BD0111EN,4
1362407,BC0101EN,4
1808244,PY0101EN,4
2018980,ML0101ENv3,3
771881,ST0101EN,3
735481,BD0143EN,3
887680,SC0101EN,4
2067181,PY0101EN,5
1272303,DS0101EN,4
340811,BD0101EN,5
1488679,CC0101EN,5
715436,RP0101EN,4
2092134,DS0105EN,3
1216515,DS0101EN,4
1718943,ML0115EN,3
1848960,PY0101EN,3
1382012,ML0115EN,3
915464,CL0101EN,5
519732,WA0101EN,5
992171,BD0211EN,4
611966,DS0101EN,3
1089102,DA0101EN,5
635733,DS0101EN,5
1059054,BC0201EN,3
963178,DS0103EN,3
622050,PA0101EN,5
1751208,BD0101EN,5
1166378,RP0101EN,4
148135,ML0103EN,3
1300021,BC0202EN,4
175715,RP0103,5
556026,RP0101EN,5
877555,BD0111EN,3
1812265,SC0101EN,3
573835,ML0103EN,5
1505621,ST0101EN,5
1858735,DS0110EN,5
1308393,BD0131EN,5
934114,SC0101EN,5
749526,BD0111EN,3
1719888,PY0101EN,3
511218,BD0111EN,5
936729,BD0211EN,4
1744971,DA0101EN,4
1611384,ST0101EN,3
931513,DW0101EN,4
753119,PY0101EN,4
514620,BC0101EN,3
1484432,BD0111EN,4
1260661,ML0122ENv1,4
1601238,DS0101EN,5
1755314,PY0101EN,3
635747,BD0131EN,5
1190072,DS0103EN,5
1220762,ST0101EN,4
1836319,ML0101ENv3,4
939738,ST0101EN,5
1474454,PY0101EN,3
1188362,CO0401EN,4
366780,ML0103EN,5
2088382,ML0201EN,5
1743663,DB0151EN,4
1094778,SC0105EN,5
1473519,LB0101ENv1,3
2059295,ML0120ENv3,3
2049101,BD0115EN,4
1258482,BD0141EN,5
2060857,ML0101ENv3,4
997388,DS0301EN,5
631938,RP0101EN,4
1413125,BD0211EN,5
1547726,BD0111EN,3
447387,ML0101EN,3
732598,BD0221EN,3
2082219,BD0131EN,5
998098,CO0301EN,3
784274,DS0101EN,4
995998,BD0141EN,3
1392381,SC0105EN,5
709863,DS0105EN,3
884446,BD0111EN,4
1347049,DA0101EN,5
966059,PY0101EN,3
1645524,CB0103EN,5
1897129,PY0101EN,3
989596,PY0101EN,5
1772924,LB0101ENv1,4
1553086,SC0105EN,4
943707,PY0101EN,5
376894,DS0103EN,4
274502,CC0201EN,4
588056,BD0141EN,3
905813,DA0101EN,4
1803959,DS0105EN,4
422869,PY0101EN,4
1538101,BD0115EN,5
1524919,ML0122ENv1,4
755441,DS0101EN,3
1223251,DS0103EN,5
993434,BD0101EN,3
561247,BC0201EN,3
1929763,DV0101EN,4
1219823,BD0111EN,4
2068240,BD0111EN,4
1607052,PY0101EN,5
649110,RP0105EN,4
585853,BD0101EN,4
975017,RP0101EN,5
678036,DS0105EN,4
1085199,DV0101EN,4
923498,BD0101EN,4
479120,ML0101ENv3,3
1471770,BD0101EN,4
1830057,DS0101EN,4
400707,WA0101EN,4
991834,CO0101EN,5
1562784,DV0101EN,3
1446927,SC0101EN,4
1805298,DB0101EN,4
1616025,DS0301EN,3
1316588,DA0101EN,3
152613,ML0101EN,3
901100,BD0115EN,5
1108641,CC0101EN,3
1446819,DS0105EN,5
1990035,DV0151EN,4
1387426,ST0101EN,4
613367,BD0101EN,4
1053399,PA0101EN,3
1096975,DS0105EN,3
1847413,CNSC02EN,5
666361,BD0211EN,5
899757,BD0111EN,5
626971,RP0101EN,3
1134285,DV0101EN,3
1439018,DS0105EN,3
770073,PY0101EN,5
1132804,BD0211EN,4
274170,CB0103EN,4
1723311,ML0101ENv3,3
1179041,PY0101EN,5
1581173,DB0101EN,3
327832,ST0101EN,3
1027865,PY0101EN,3
382324,BD0141EN,4
551461,BD0101EN,4
1106469,DS0105EN,4
1032568,DS0105EN,3
1523908,BD0135EN,3
1000852,BD0101EN,3
1551960,DV0101EN,5
1768410,DS0101EN,3
1339705,DB0101EN,3
556824,DS0301EN,4
1121321,BC0201EN,3
566777,DS0301EN,5
1163719,BD0141EN,4
385282,ML0115EN,3
1144896,LB0109ENv1,4
1232156,BD0145EN,4
1087362,ML0101ENv3,3
972024,CB0103EN,4
1230226,DS0301EN,5
1940156,CC0101EN,5
723457,ML0101ENv3,3
777234,CP0101EN,5
915685,BD0111EN,4
1006825,CO0401EN,3
1322983,BC0101EN,4
1261075,CC0101EN,4
1251751,ML0115EN,4
1516269,DV0101EN,5
1988254,CC0201EN,5
1192408,DV0101EN,4
1007842,DS0101EN,4
1678646,CC0101EN,3
1653677,DA0101EN,3
525591,TA0106EN,4
1027142,CB0103EN,4
1189656,CB0103EN,3
545276,TA0105,5
1084648,ML0101ENv3,5
395597,BD0141EN,4
626732,BC0101EN,4
1230945,DS0321EN,5
1464410,PY0101EN,4
1017560,DS0301EN,3
1688250,CNSC02EN,4
511452,DS0101EN,4
1254903,DS0103EN,5
1483738,CO0301EN,5
1633059,CNSC02EN,5
1173502,BD0211EN,4
1319655,BD0211EN,4
1653080,DV0101EN,3
1924691,DA0101EN,4
1074342,ML0122ENv1,3
1176791,CC0101EN,3
1527757,SC0103EN,4
692781,CB0103EN,4
1432183,TA0105EN,4
560247,BD0133EN,4
713650,DA0101EN,4
1484095,DS0101EN,5
245234,WA0101EN,4
1566179,CO0401EN,3
943144,PY0101EN,5
506734,WA0101EN,4
689366,BD0111EN,4
1450135,ML0103EN,4
633334,DS0101EN,4
789761,ML0115EN,4
534717,DS0101EN,5
165874,SC0105EN,5
1337519,ML0120ENv2,4
973511,BC0201EN,5
197189,BD0211EN,4
1386687,DB0101EN,3
1899014,BD0101EN,5
1141338,DV0101EN,5
714806,DS0101EN,4
930917,ST0101EN,5
1277559,BD0111EN,5
1770956,DA0101EN,4
1993535,CC0201EN,5
1088537,BD0111EN,3
1457412,ST0101EN,5
1628624,ML0201EN,3
900543,PY0101EN,3
1617738,DB0151EN,4
921347,ML0103EN,5
1184823,ML0101ENv3,4
539799,RP0103,4
1398984,DV0101EN,4
1163092,PY0101EN,3
1254997,CO0201EN,5
1887657,PY0101EN,4
1563134,ML0101ENv3,5
235366,ML0111EN,4
2006724,PY0101EN,5
612776,BD0101EN,3
2034127,CC0101EN,3
913121,DS0105EN,3
1169023,BD0111EN,5
545934,DS0105EN,3
1427485,CB0103EN,4
935538,CL0101EN,5
1311973,BD0121EN,3
967273,BD0131EN,5
2029641,DS0103EN,4
1019100,DA0101EN,5
1497740,DS0101EN,5
1297355,BD0211EN,4
1205552,DS0101EN,5
1103515,PY0101EN,5
621543,ML0115EN,3
1856837,BC0101EN,5
1022021,PA0101EN,4
1459392,DA0101EN,5
1320358,PY0101EN,5
1192075,CC0103EN,3
1631980,ML0115EN,4
717444,BD0101EN,4
530037,SC0101EN,5
199489,ML0120EN,4
1196041,DS0101EN,4
766493,DB0151EN,4
321423,PY0101EN,4
1076032,CC0103EN,3
950304,BD0121EN,5
512380,BC0101EN,5
2027447,BD0115EN,5
1807285,DS0101EN,5
735794,ML0151EN,4
1149254,ML0101ENv3,5
1310112,BD0131EN,4
1013858,BD0211EN,4
388459,PA0101EN,3
1405200,DS0101EN,4
1262845,BD0101EN,3
700041,BC0201EN,4
488135,BD0211EN,5
1152500,CC0201EN,4
1308391,DS0105EN,3
1321296,BD0101EN,3
1656781,BD0101EN,3
164300,BD0211EN,3
118927,ML0101ENv3,4
65118,PY0101EN,4
1009580,ML0115EN,3
1431276,LB0101ENv1,3
741937,DS0103EN,4
1307947,DS0110EN,3
1546688,ML0115EN,4
1028170,BC0101EN,3
1802663,PY0101EN,5
1673421,CO0401EN,4
1687875,PY0101EN,3
1815142,PA0101EN,4
1005576,CC0103EN,3
910499,DS0103EN,5
1807285,BD0101EN,3
1481866,DB0151EN,3
1331668,PY0101EN,5
77325,BD0111EN,4
1494459,PA0101EN,5
1128883,PA0101EN,5
1973688,CB0101EN,5
1920619,DE0205EN,3
1441662,CC0201EN,4
1169596,BC0101EN,4
725357,BD0211EN,4
1770073,BD0111EN,5
481714,BC0201EN,4
1390867,DS0103EN,4
484676,BD0111EN,3
1463557,DS0103EN,3
1693918,BD0211EN,4
1044853,DS0301EN,5
897918,ML0120ENv2,3
915903,PY0101EN,3
886466,DA0101EN,5
991024,BD0111EN,3
1044556,PY0101EN,3
1469986,DA0101EN,5
1230807,CB0103EN,5
761046,BD0101EN,4
1182135,ML0151EN,4
1569479,AI0111EN,5
1242541,DA0101EN,4
729831,SC0105EN,5
973005,BD0101EN,4
477567,DS0101EN,3
1137857,CB0105ENv1,3
1242421,DS0103EN,3
297129,RP0101EN,4
736445,BD0223EN,3
1310964,ML0109EN,4
978503,CO0101EN,3
1544748,RP0101EN,4
1518631,BD0143EN,3
1912439,DB0101EN,5
690727,BD0101EN,5
1604431,DV0151EN,5
1969919,DV0101EN,3
1049178,ML0103EN,5
8030,ML0151EN,5
740992,ML0122ENv1,3
907495,ML0115EN,4
1814747,DA0101EN,5
350613,BD0111EN,4
1069150,DS0103EN,4
1757103,BC0202EN,5
1352486,DS0101EN,3
1723756,ML0115EN,5
522355,BD0211EN,4
1312816,BD0115EN,5
700921,BD0131EN,4
1941230,RP0101EN,5
1087497,DV0101EN,5
504516,DB0151EN,4
561002,DS0101EN,3
2093192,ML0151EN,5
1054102,ML0151EN,5
1635020,DS0101EN,4
1049240,BC0201EN,4
968275,ML0122ENv1,3
1366384,BD0111EN,3
1111353,CC0101EN,4
1346326,BD0115EN,5
252819,ML0115EN,4
1215336,AI0111EN,4
1059213,DS0101EN,4
1583904,ML0120ENv2,4
1402605,PY0101EN,4
1120491,ML0103EN,4
1982857,CC0103EN,5
1164472,DS0103EN,4
251465,ML0109EN,5
1086685,DS0101EN,4
510210,DS0101EN,5
1881782,DS0201EN,3
766454,AI0111EN,4
877403,DV0101EN,4
707239,CB0103EN,3
1726046,DS0321EN,5
1148364,ML0115EN,3
588657,RP0105EN,5
1540761,BD0111EN,4
1073557,PY0101EN,5
1455970,ML0115EN,4
1289677,BD0111EN,3
584451,SC0101EN,3
1568914,PY0101EN,5
1286780,DS0301EN,5
1294125,ML0101ENv3,3
984380,DS0101EN,3
902531,DS0103EN,3
966839,BD0111EN,5
568429,DS0103EN,3
709348,BD0223EN,4
1532108,LB0105ENv1,5
1517107,ML0103EN,4
202693,BD0111EN,3
1150176,ML0151EN,3
1385634,BC0101EN,4
1152283,CL0101EN,4
778453,PY0101EN,3
1587145,BD0101EN,5
1003832,CC0101EN,5
2006247,CNSC02EN,3
761646,BD0111EN,4
1338712,CL0101EN,5
1655180,ML0101ENv3,3
1030984,DB0151EN,3
1550855,PY0101EN,3
1428087,DS0103EN,5
1498687,PY0101EN,5
596222,DS0103EN,4
154139,BC0201EN,5
785240,CO0101EN,4
876768,PY0101EN,5
1723583,DS0101EN,5
485966,DS0105EN,3
1046169,LB0109ENv1,4
667900,BD0121EN,5
1268136,CC0201EN,3
784988,DV0101EN,4
1607944,DS0321EN,4
752618,DW0101EN,5
1032400,BD0211EN,4
1669407,DA0101EN,4
517197,BD0211EN,4
621306,DB0151EN,3
1237622,DS0105EN,5
627219,BD0211EN,5
757761,PY0101EN,5
712922,DA0101EN,3
1487544,PY0101EN,5
550777,BC0101EN,4
710421,BD0101EN,3
408898,BD0101EN,4
1260439,DS0301EN,3
1306833,PY0101EN,5
1871205,DS0105EN,5
581859,DS0101EN,5
1247996,DB0101EN,4
1285846,CO0101EN,4
549761,BD0101EN,3
1021897,PY0101EN,3
598291,ST0101EN,5
1014192,BD0223EN,5
934372,DS0105EN,3
138046,BD0212EN,4
1960036,DS0301EN,5
883311,TA0106EN,5
1020974,CB0105ENv1,4
1876243,BD0101EN,5
779203,RP0103,3
1019995,BD0115EN,3
430498,BD0115EN,5
1286491,DS0101EN,4
725210,BD0101EN,3
1154424,ML0101ENv3,5
1950793,DS0101EN,3
729200,BD0141EN,4
471338,BD0141EN,4
394478,ML0115EN,4
1222453,PY0101EN,3
900835,PY0101EN,3
1315237,PY0101EN,5
762066,CB0103EN,5
1315144,CO0201EN,5
1578208,DS0105EN,3
676675,DA0101EN,5
911310,HCC105EN,3
1723264,ML0101ENv3,3
1389978,CC0101EN,4
1311543,DS0105EN,3
957845,BD0111EN,4
1193758,ML0120ENv2,5
1503568,ML0101ENv3,5
1339542,DS0105EN,5
738740,BC0201EN,5
780012,CC0150EN,5
734121,SC0101EN,4
1237449,CC0101EN,5
1273236,PA0101EN,4
1919683,BD0223EN,4
595191,BD0101EN,3
267353,LB0101ENv1,5
1868012,CC0201EN,4
577176,SC0105EN,4
602323,ML0101EN,5
945816,DS0301EN,5
1471628,DA0101EN,5
1030984,DV0101EN,3
1636726,ML0115EN,3
1049178,BD0115EN,5
621306,BD0131EN,5
1190214,DV0101EN,5
1307332,DS0103EN,5
537789,BD0101EN,5
975721,BD0115EN,5
778763,WA0101EN,4
1374154,PY0101EN,5
891038,BD0211EN,4
931502,BD0131EN,4
1302013,BD0211EN,4
1689133,CC0103EN,5
1249346,PY0101EN,3
666803,BD0211EN,4
1028170,BD0115EN,5
1386266,ML0101ENv3,4
1496446,ML0101ENv3,3
463259,DS0101EN,4
990932,DS0103EN,3
1564590,DS0103EN,4
1726046,CC0201EN,3
1214180,CB0103EN,3
709877,DS0101EN,5
1534679,BD0145EN,4
484219,BD0101EN,4
1864150,DB0101EN,5
1750991,DA0101EN,4
318413,DS0101EN,3
395446,CB0103EN,3
1120964,PY0101EN,3
1355132,CC0101EN,5
344122,BD0111EN,4
1058667,BC0201EN,5
1751485,ML0101ENv3,5
67201,SC0103EN,4
675020,CB0103EN,4
719251,BD0121EN,3
1126515,DS0105EN,3
977116,DS0103EN,4
936286,CO0101EN,4
1004095,LB0103ENv1,3
1295827,DS0103EN,5
1923798,DA0101EN,3
775311,BD0121EN,3
989590,DS0103EN,5
1012730,DA0101EN,4
624134,DS0321EN,4
377662,DS0321EN,4
703704,CC0101EN,3
1006825,DS0101EN,3
578598,CO0201EN,5
1002559,BD0123EN,4
1131062,CO0201EN,4
1105122,ML0122ENv1,5
587717,BD0115EN,5
1005575,BD0141EN,5
1200033,ML0101ENv3,3
1802939,CC0101EN,3
679931,BD0131EN,4
959974,DS0101EN,4
1236081,BC0201EN,3
1033529,BD0131EN,4
1870225,CNSC02EN,5
1267113,ML0101ENv3,3
881490,ML0115EN,3
1384551,BD0101EN,4
640330,BD0121EN,3
1637344,SECM03EN,4
367229,DS0105EN,4
741051,CB0103EN,3
915414,RP0103EN,3
577176,ML0115EN,3
739231,DS0101EN,5
1627803,CC0101EN,4
1692366,RP0101EN,4
966336,BD0101EN,4
1338424,CL0101EN,3
511833,ML0120EN,4
1531035,BC0101EN,5
1173682,CO0401EN,4
1488679,DS0101EN,5
757335,DS0301EN,4
1017804,DA0101EN,3
890682,ML0120EN,5
2085289,DS0101EN,3
727678,SC0101EN,3
936286,DA0101EN,4
422453,BD0111EN,4
588657,BD0212EN,3
1381167,BD0223EN,5
1013858,BD0101EN,3
151494,BD0111EN,3
773907,BC0101EN,3
1784280,SC0105EN,5
478324,BD0133EN,5
1446225,ML0122ENv1,3
1739314,DAI101EN,3
362823,ML0101ENv3,4
1453546,ML0101ENv3,4
735630,DV0101EN,4
1801802,PY0101EN,5
1028233,DJ0101EN,3
1808086,DB0101EN,3
1255589,CO0401EN,3
1033530,BD0131EN,3
589294,DS0103EN,5
628232,BD0131EN,3
1921668,BC0101EN,5
1015176,RP0103EN,4
505911,TA0105,4
1186034,OS0101EN,3
787261,DV0101EN,5
460024,CB0103EN,4
1048035,RP0101EN,5
755425,ST0101EN,5
2029972,ML0103EN,5
1463247,BD0211EN,5
1648296,CNSC02EN,3
919424,ML0101EN,3
634047,WA0101EN,5
1746096,ML0115EN,4
1448878,CO0401EN,5
1911277,PY0101EN,3
1631637,BC0202EN,5
1480031,DS0103EN,3
1307038,BD0111EN,3
1378672,PY0101EN,3
585010,BC0101EN,3
1062253,ML0111EN,5
1534650,BD0101EN,3
328417,BC0101EN,5
688076,CB0103EN,3
1621707,ML0122ENv1,4
921128,CO0201EN,3
946481,SC0103EN,3
209257,DS0103EN,3
1345485,DA0101EN,4
612964,DS0103EN,3
1325342,DB0101EN,3
1762188,DS0101EN,4
1055780,BC0201EN,5
1655246,BD0221EN,3
1481613,CC0201EN,3
459018,BD0212EN,4
1202297,BC0101EN,3
1294992,BD0211EN,3
492377,BD0123EN,3
943178,PY0101EN,3
1218737,BC0101EN,3
1019536,BC0201EN,5
1502649,TA0105EN,4
1804824,PY0101EN,4
1758634,SC0105EN,4
626927,ML0120EN,5
190930,DB0101EN,3
670379,DS0321EN,3
958931,DB0101EN,3
647377,CO0101EN,4
1474981,ML0101ENv3,4
1816983,DA0101EN,5
1452344,ML0101ENv3,4
1779666,RP0101EN,5
1997976,DS0301EN,4
1496441,BD0101EN,4
1228921,DS0301EN,3
690929,CB0105ENv1,5
1359890,DS0101EN,5
1730921,BD0101EN,4
1213325,ML0120ENv2,3
1251688,CC0101EN,5
549093,WA0101EN,4
1009726,BC0201EN,4
1081990,CL0101EN,4
511658,DS0101EN,4
1271787,ML0115EN,3
622399,BD0115EN,4
649554,BD0153EN,3
1187147,DS0101EN,4
779986,DS0105EN,3
875759,BC0101EN,3
1469901,BC0101EN,3
1343816,CC0103EN,4
751445,RP0101EN,3
1220321,BD0101EN,3
1150676,BD0211EN,5
915446,BD0141EN,4
1193143,DS0101EN,3
944200,LB0111EN,4
966962,CB0103EN,4
1053755,BD0211EN,3
1773084,CC0103EN,4
686538,BD0123EN,3
1396812,DS0105EN,4
634631,RP0101EN,5
1164472,DS0105EN,5
710755,BC0101EN,5
1202312,DS0105EN,5
219831,LB0109ENv1,4
586918,DS0103EN,5
1178350,CO0201EN,4
950365,RP0101EN,3
1017603,PY0101EN,3
1577782,ML0101ENv3,3
2029641,BD0101EN,5
1521064,DS0101EN,4
1430140,DS0105EN,3
524479,PA0101EN,3
1010601,DS0101EN,3
890324,BD0115EN,5
273600,CB0103EN,3
645661,BD0111EN,3
1266921,DS0101EN,3
1765017,CC0201EN,5
1073237,BC0101EN,5
929873,ML0120ENv2,3
1168820,BD0101EN,3
1353924,DV0101EN,3
508344,BD0151EN,4
1309124,PA0101EN,5
1022038,BD0221EN,3
1626145,TA0105EN,4
1660870,DV0101EN,4
2054759,PY0101EN,3
1736287,ML0115EN,5
1157479,DS0101EN,3
1475474,BD0101EN,5
713901,BD0101EN,4
1636408,ML0111EN,3
1016463,DV0151EN,4
592712,DS0301EN,3
559323,DS0301EN,4
528367,BD0111EN,4
1059103,DV0101EN,3
1211659,DV0101EN,4
1812172,ST0101EN,4
100274,ML0109EN,4
1032788,BC0101EN,4
1494382,BD0212EN,4
1041497,DA0101EN,3
1386585,DS0101EN,3
1133856,PY0101EN,3
404010,BD0143EN,5
1126295,LB0105ENv1,3
1356003,PY0101EN,5
1779237,DS0103EN,5
272609,DB0151EN,3
1797420,CC0101EN,4
439669,DA0101EN,5
1232777,ML0101ENv3,3
731607,BD0101EN,4
337450,BD0115EN,4
1049793,DS0103EN,4
457158,DS0101EN,3
544766,BD0221EN,3
1134448,DB0101EN,5
2061096,BD0141EN,3
975288,PY0101EN,5
644171,BD0115EN,4
1212059,DV0101EN,4
1029574,CO0201EN,3
487814,ML0103EN,4
1185880,CO0101EN,3
613039,PA0101EN,4
717332,ML0120ENv2,3
773794,DS0101EN,4
272564,ML0111EN,5
1472260,CC0101EN,5
567704,LB0101ENv1,4
500911,BD0111EN,5
1105264,BD0141EN,5
270881,ML0120EN,4
1438190,CO0101EN,4
1048236,RP0103EN,5
257247,BD0101EN,4
567967,ML0109EN,5
607079,DS0101EN,4
1480031,ST0101EN,5
791397,TMP0105EN,5
1097379,DS0103EN,5
1679687,BD0145EN,5
1546712,ML0101ENv3,5
1218095,ML0101ENv3,5
711807,DS0105EN,5
877395,DS0101EN,3
1179496,DS0301EN,3
958198,CC0201EN,4
1356524,TA0105EN,5
1445103,ML0120ENv2,3
944814,CO0101EN,3
1069794,BD0101EN,5
786092,BD0211EN,4
686093,RP0101EN,3
1116456,DA0101EN,3
1278711,CC0201EN,5
1473764,CC0101EN,3
1073006,BD0115EN,4
510351,BD0145EN,5
66779,DS0101EN,4
629869,DV0101EN,4
1160081,CL0101EN,5
622360,ST0101EN,5
567437,BD0115EN,3
434915,BD0101EN,4
767125,RP0103EN,3
139233,SC0101EN,5
1802250,DA0101EN,3
1063555,LB0103ENv1,3
1140913,RP0101EN,3
318484,ML0101EN,5
304659,DS0301EN,3
1033769,CO0201EN,4
346607,RP0101EN,3
1345590,BD0101EN,4
1332957,CB0103EN,3
1479596,CB0105ENv1,3
1804063,DS0103EN,3
1830259,DB0101EN,3
1393130,BD0111EN,3
1256193,BD0141EN,5
571298,BD0101EN,3
744997,BD0141EN,3
723103,DS0132EN,5
1141140,BD0115EN,3
678869,CB0103EN,5
1843857,CC0101EN,4
1952433,CNSC02EN,5
923860,DS0101EN,3
1045819,CC0201EN,4
1803501,ML0115EN,3
1640755,BD0212EN,5
1797865,ST0101EN,3
1074133,ML0201EN,5
519686,DS0105EN,3
671090,BC0101EN,4
1247788,CC0101EN,5
1107348,CL0101EN,4
1562460,CNSC02EN,5
1630101,BC0202EN,3
104394,BD0111EN,4
1864557,ML0120ENv2,3
1823026,BC0101EN,4
1045663,ML0101ENv3,3
1334145,BD0101EN,3
1228912,BD0145EN,5
485679,BD0111EN,5
489716,ML0120ENv2,3
1223469,RP0103EN,4
1464473,ML0101ENv3,3
1811207,CO0101EN,3
1645331,BD0133EN,3
960869,ML0120ENv2,3
1207401,DS0301EN,5
761003,CB0103EN,3
1227617,DS0101EN,5
1260722,CO0401EN,5
785944,ST0101EN,5
767869,CO0101EN,3
2020911,CO0101EN,3
1100037,CL0101EN,5
1692590,CC0101EN,5
556941,BD0211EN,4
1235041,ML0103EN,3
1913294,BD0145EN,5
1083242,BD0212EN,4
899700,RP0105EN,3
1060780,BC0201EN,4
1249935,DA0101EN,4
940587,DB0101EN,3
1158541,BD0212EN,5
910499,CO0201EN,3
579727,BD0101EN,3
998510,DA0101EN,5
1479038,SW0201EN,4
670739,DS0105EN,4
1186144,ST0101EN,4
1113166,ML0101ENv3,4
279677,ST0101EN,3
1285846,CC0201EN,5
741497,DS0105EN,4
1913200,SC0103EN,5
1718943,BD0101EN,3
1953546,CO0101EN,3
695165,DS0105EN,5
1375739,DV0101EN,5
1308545,BD0101EN,3
888627,DS0101EN,3
1570302,DA0101EN,5
1249547,CO0101EN,5
1803693,DS0103EN,4
786378,BD0111EN,4
154394,RP0101EN,5
128463,CC0201EN,5
1033771,CO0301EN,4
1114035,BD0111EN,3
162455,SC0103EN,3
1883012,DS0101EN,5
1600053,RP0105EN,4
550668,LB0101ENv1,3
1031560,CO0101EN,5
1000614,BD0101EN,4
749056,BD0221EN,5
1423311,PY0101EN,4
933561,PY0101EN,5
1011248,PA0101EN,3
53345,DS0101EN,5
728512,BD0121EN,4
276959,BD0121EN,5
1315305,DA0101EN,5
1397766,CC0201EN,3
1527563,ML0101ENv3,4
880334,RP0101EN,5
1301330,CB0103EN,4
1007322,DS0105EN,5
602131,LB0111EN,3
1532776,PY0101EN,5
718620,CB0103EN,5
902617,BC0101EN,4
755560,BD0101EN,5
593903,BD0115EN,4
1053399,BC0101EN,3
1422567,DS0101EN,3
369181,BD0101EN,5
931062,BD0101EN,4
1342117,BC0201EN,4
935149,RP0105EN,5
928027,BD0101EN,4
890308,PY0101EN,3
1511256,DS0101EN,3
1944294,DS0105EN,5
1528124,DV0101EN,4
366796,CB0103EN,5
1073793,PY0101EN,3
1188055,ML0115EN,3
889917,BC0101EN,3
1692866,ML0103EN,3
903346,DS0301EN,4
742077,BD0115EN,3
1986986,ML0115EN,4
93228,DS0105EN,5
1740897,DA0101EN,4
1621789,SC0101EN,4
1503712,BD0101EN,3
1196687,DA0101EN,3
725017,DS0103EN,4
1086236,PY0101EN,5
1746512,DV0101EN,4
494103,DV0101EN,4
1272111,BD0101EN,4
1793445,ML0122ENv3,4
719910,DS0101EN,3
982847,RP0101EN,5
1073869,BC0101EN,5
1860546,PY0101EN,5
1331957,DS0105EN,5
1056521,CC0103EN,3
876480,DB0151EN,4
945564,DS0101EN,5
768269,BD0121EN,3
1274908,RP0101EN,4
1239488,DA0101EN,4
721849,CB0103EN,3
1619561,ML0122ENv1,5
452044,CB0103EN,5
1386273,BD0101EN,4
748153,BD0121EN,4
1123460,CO0401EN,4
660583,ST0101EN,5
668284,RP0101EN,5
1778823,DS0103EN,3
1806074,DV0101EN,4
1151597,ML0101ENv3,4
663702,BD0141EN,3
483744,DS0101EN,5
1287646,DA0101EN,4
1249010,ML0151EN,3
244059,BD0111EN,4
1988052,CC0103EN,5
902129,PY0101EN,3
1325018,DS0105EN,3
1509699,BD0221EN,3
502433,BC0101EN,5
1517893,DA0101EN,4
995575,BD0143EN,4
1332394,DA0101EN,5
712014,ML0151EN,5
2074401,DA0101EN,3
1163973,CC0103EN,3
596595,BD0137EN,5
908918,WA0101EN,5
1431187,ML0122ENv1,5
887953,PY0101EN,3
765762,DS0103EN,5
1462634,ML0101ENv3,4
889579,CC0150EN,5
476914,DS0101EN,3
1209121,ML0101ENv3,3
2044985,DA0101EN,4
511334,DS0101EN,4
1920814,PY0101EN,3
882577,PY0101EN,4
984565,BD0111EN,3
1665359,ST0101EN,4
559777,RP0105EN,4
1513845,DV0101EN,5
672446,DS0301EN,5
444728,BD0211EN,5
1339730,PY0101EN,4
1258440,BD0211EN,4
705980,BD0121EN,5
587850,BD0101EN,5
579062,PY0101EN,4
1012898,ML0115EN,4
607310,DS0103EN,4
1204969,CO0101EN,4
1780839,LB0109ENv1,3
1894928,DS0301EN,3
1098374,BD0115EN,4
903097,CB0103EN,5
2048702,CC0103EN,4
419790,ML0101EN,5
993665,CC0210EN,5
1174846,ML0115EN,3
730099,ML0122ENv1,5
888691,BD0101EN,4
909615,DS0101EN,4
608415,DS0105EN,5
1009583,CC0101EN,4
1299282,ML0120ENv3,4
884945,ML0101EN,3
1458451,DB0101EN,3
1808312,DB0101EN,5
1323840,DB0101EN,4
1745241,CNSC02EN,3
731773,BD0141EN,5
1153930,BC0201EN,4
1937138,ML0103EN,5
1967041,ML0115EN,4
1751966,ML0120ENv2,4
1207401,ML0109EN,3
1107382,CL0101EN,4
920180,CC0201EN,3
458883,TMP0105EN,4
1049698,BC0201EN,3
642860,CO0401EN,5
1186559,CNSC02EN,4
1711456,ML0101ENv3,5
1449197,DS0105EN,5
707222,BD0145EN,3
250853,DS0103EN,4
999558,PY0101EN,4
894504,BD0101EN,4
1946333,DS0101EN,5
1567305,BD0111EN,4
1189568,DS0105EN,5
1312281,ML0120ENv2,3
592143,BD0211EN,3
441127,TA0105,5
1146951,DS0101EN,4
528608,DS0103EN,4
595589,CC0103EN,5
888054,DS0301EN,4
569988,ST0101EN,3
710971,BD0115EN,4
1396750,BC0201EN,4
912408,ML0109EN,4
622675,PY0101EN,3
1633184,PY0101EN,4
294276,BD0101EN,3
1563804,DA0101EN,4
1694112,CB0103EN,5
643070,ST0101EN,3
1460441,ML0115EN,5
753119,BD0211EN,3
1096710,BD0111EN,3
1672464,BD0111EN,5
1157699,PY0101EN,4
887300,BD0111EN,4
1198666,ML0101ENv3,5
1545984,BC0101EN,3
121749,BD0211EN,3
1766373,BD0121EN,3
1386053,ML0115EN,3
1796563,CC0103EN,3
1393212,BD0211EN,4
436921,BC0201EN,3
1350109,BD0101EN,5
637394,PY0101EN,3
1067002,DS0103EN,5
978916,BD0111EN,4
939490,DS0101EN,4
1970360,DA0101EN,4
1962558,PY0101EN,5
458645,BD0111EN,4
1033381,PY0101EN,5
1242036,ML0120ENv2,3
1529167,CC0201EN,5
116,ML0115EN,3
1417581,DS0105EN,4
8075,DV0151EN,3
2014662,PY0101EN,3
1478352,ML0101ENv3,4
879040,CB0103EN,5
1079778,DS0101EN,3
161841,ML0120EN,4
688330,DB0151EN,3
713965,BD0131EN,3
1027194,LB0107ENv1,5
515328,BD0115EN,5
2045911,CO0401EN,5
720320,RP0101EN,5
1029144,DS0301EN,3
503155,SC0101EN,5
1509460,CC0101EN,5
725347,BD0101EN,4
534129,SC0103EN,3
916880,BD0115EN,3
1012991,PY0101EN,3
2044664,DS0101EN,4
573912,BD0115EN,3
1010601,DA0101EN,3
2017287,DS0132EN,3
1676703,RP0101EN,5
936227,ML0101EN,4
1008783,BD0111EN,5
1427857,BD0101EN,3
1357789,PY0101EN,4
565947,DS0301EN,4
1117849,DS0103EN,5
1095565,CO0201EN,4
1354179,BC0101EN,5
777777,BD0111EN,3
1869514,DS0105EN,4
726974,BD0211EN,5
394980,RP0101EN,3
1194749,DA0101EN,3
1635276,DV0101EN,5
619870,BD0111EN,5
1356614,BD0111EN,5
634436,CB0103EN,5
950605,ML0115EN,5
706696,SC0101EN,3
1022021,BD0123EN,5
511537,DS0101EN,3
694419,BD0101EN,3
935345,BD0131EN,5
1394858,DS0105EN,4
2023012,DS0105EN,5
929731,DV0101EN,3
492294,BD0145EN,3
711223,BD0101EN,5
977534,DS0301EN,5
1389397,SC0101EN,3
1855764,LB0105ENv1,3
665295,BD0101EN,4
628105,DS0101EN,4
1320894,ML0101ENv3,3
1502536,BC0101EN,5
1215886,PY0101EN,4
1971263,ML0103EN,5
1215029,DS0101EN,5
1509254,CNSC02EN,4
1143157,ML0120ENv2,4
1690366,DW0101EN,5
1572371,AI0111EN,3
486368,BD0133EN,5
1522954,CO0201EN,4
1117470,CO0301EN,4
418106,ML0101EN,5
1802553,CC0101EN,5
610414,DS0101EN,4
694361,CB0103EN,3
1623022,DA0101EN,5
712677,CL0101EN,3
1501711,IT0101EN,5
1536020,BC0101EN,3
1189060,DS0101EN,5
986124,DV0151EN,4
1070757,CC0201EN,5
971774,DA0101EN,4
1847272,BD0115EN,5
748093,PY0101EN,4
941867,DS0301EN,4
1763037,BC0101EN,4
1950043,BD0121EN,5
932793,BD0121EN,3
701784,BD0115EN,5
503417,BD0115EN,4
522894,DS0101EN,3
1109341,SC0101EN,3
1327030,BC0101EN,5
702300,BD0211EN,5
781202,BD0131EN,5
1608529,BC0101EN,5
2062128,DS0105EN,4
1762710,ML0115EN,5
583496,ML0103EN,4
727446,WA0101EN,3
1128878,CB0103EN,5
1084204,DS0101EN,3
399934,CB0103EN,5
1472012,CC0101EN,5
1005193,LB0103ENv1,3
1739364,DS0105EN,4
229553,SC0105EN,5
1032893,DS0105EN,4
685525,BD0111EN,3
1333437,ML0120ENv2,3
1148155,CO0301EN,5
996993,CO0101EN,4
614450,DS0105EN,5
1329688,DS0103EN,5
935666,ML0115EN,3
698347,LB0107ENv1,4
1106653,CL0101EN,3
724510,BD0111EN,3
1117713,CO0201EN,4
721752,PY0101EN,4
1913091,DS0105EN,5
993614,WA0101EN,4
1892946,BD0101EN,3
2076745,DS0101EN,4
1554736,ML0101ENv3,3
435139,ML0115EN,5
1555878,PY0101EN,3
1600079,DS0101EN,4
1781989,DAI101EN,3
576742,ST0101EN,4
625458,ML0201EN,5
925888,DS0301EN,5
1189344,PA0101EN,5
1076086,LB0101ENv1,4
1553594,DAI101EN,4
893980,BD0101EN,5
1501800,SECM03EN,5
161608,DS0301EN,5
999419,ML0120ENv2,3
1413914,PY0101EN,5
697880,CC0101EN,4
1950348,DB0101EN,5
1346401,BC0101EN,3
575632,BD0101EN,5
1780894,DB0101EN,4
709679,DS0301EN,5
388459,SC0105EN,5
758672,DA0101EN,3
1595202,BD0212EN,3
1871560,DA0101EN,5
1049454,RP0103EN,5
995399,DS0301EN,3
944056,CO0201EN,3
1464555,ML0120ENv2,5
611141,RP0101EN,4
1483615,PY0101EN,3
1385634,DA0101EN,5
1679164,CNSC02EN,4
773860,DS0101EN,4
723812,CB0103EN,3
721752,BD0111EN,4
594585,DS0101EN,5
1253610,PY0101EN,3
994284,BD0211EN,5
1256745,ML0115EN,3
1117599,SC0103EN,5
442078,SC0105EN,3
903373,ML0120ENv2,3
210117,CC0101EN,4
892434,ML0101EN,5
998510,ML0103EN,4
400527,BD0111EN,4
296184,DS0105EN,3
896375,CB0103EN,3
1998499,CNSC02EN,4
1397386,ML0109EN,3
164150,BD0101EN,3
349457,DA0101EN,3
767386,TA0105,5
376893,DA0101EN,5
1151348,CC0103EN,5
1306470,ML0115EN,3
1131796,BC0201EN,3
1150284,BD0101EN,3
669070,PY0101EN,4
1725934,PY0101EN,4
1749319,DS0103EN,5
1067576,DV0151EN,3
677133,RP0101EN,4
628411,BC0101EN,5
1092838,CO0201EN,3
888805,ML0101ENv3,5
1329786,DS0103EN,4
1590967,DB0101EN,3
1647771,DV0151EN,3
1424738,BD0115EN,3
1894319,BD0111EN,5
1134675,BD0111EN,5
1816338,DS0101EN,3
995399,DS0101EN,4
1824403,CC0101EN,3
1145388,BD0101EN,3
922039,BD0141EN,3
450328,ML0115EN,5
1789539,BD0111EN,4
674631,BD0141EN,3
1824603,ML0101ENv3,3
1018676,CO0301EN,4
1295583,CL0101EN,5
1189305,ML0103EN,3
551250,BD0123EN,5
1149814,DS0101EN,4
1124074,RP0101EN,4
877573,BD0111EN,4
749526,BD0141EN,5
1263231,ML0122ENv1,4
1309593,BD0131EN,5
781690,BD0141EN,3
669438,BD0211EN,3
1282750,BD0145EN,4
991578,WA0101EN,3
1250446,ML0120ENv2,4
763791,BD0101EN,3
752457,BD0141EN,4
726587,ML0115EN,5
1741174,BC0101EN,5
1017517,COM001EN,5
496492,DS0101EN,4
485342,BD0141EN,3
1392381,BD0123EN,4
639136,ML0101EN,5
1358154,BD0131EN,4
1517431,BC0202EN,5
464496,RP0105EN,4
519732,DE0205EN,5
1128248,IT0101EN,3
1877980,PY0101EN,5
1133977,CO0301EN,4
274043,DS0101EN,5
486746,DS0103EN,5
984344,DV0101EN,5
1518883,DB0101EN,3
439239,RP0101EN,4
1121558,DJ0101EN,4
1595093,RP0101EN,3
227280,BD0121EN,3
1706828,CC0101EN,3
1058314,RP0105EN,4
1266854,PY0101EN,3
1731926,ML0101ENv3,4
282645,WA0101EN,5
435728,PA0101EN,5
1553086,BD0211EN,4
1188098,LB0107ENv1,5
740038,DS0101EN,4
916531,CC0250EN,5
773907,DV0151EN,5
512285,RP0101EN,4
2059781,PY0101EN,4
589162,BD0111EN,3
1805371,DV0101EN,5
994535,DA0101EN,5
1537905,DV0101EN,3
275471,BC0201EN,4
1181172,RP0105EN,3
2029187,DS0101EN,3
727896,CL0101EN,4
555528,BD0211EN,4
1618276,BC0101EN,5
141484,CC0103EN,5
1050144,SC0103EN,3
265666,BD0101EN,5
932402,DB0151EN,5
1051524,BD0141EN,4
306218,ML0103EN,4
1560632,DV0101EN,4
1262823,ST0101EN,3
680533,CL0101EN,3
703943,CC0101EN,3
1686919,RP0101EN,5
1549768,CC0101EN,3
1818149,DV0101EN,3
1449415,ML0115EN,4
777218,DS0132EN,5
556032,BD0115EN,3
1095565,CO0401EN,3
907404,BD0115EN,3
1494915,PY0101EN,3
1135237,DS0101EN,3
748153,BD0111EN,4
1984882,BD0223EN,3
1309345,DS0105EN,5
129269,DA0101EN,3
664899,BD0115EN,4
983435,PY0101EN,5
404010,TA0105,3
961488,DS0103EN,3
1174740,PY0101EN,5
1215856,BD0101EN,3
1691258,CNSC02EN,4
704124,ST0101EN,5
510867,BD0153EN,3
1210527,CC0103EN,3
453751,DS0105EN,3
1286836,PY0101EN,5
747441,ML0101EN,4
1789857,BC0101EN,5
903281,HCC105EN,5
970895,RP0101EN,3
781102,ML0122EN,3
888337,DS0105EN,3
1180417,DA0101EN,3
1715650,PY0101EN,5
1538880,CC0250EN,5
1204312,CO0201EN,4
304263,DS0101EN,5
724510,DS0301EN,3
750085,DV0101EN,4
884038,PA0101EN,5
1136621,DS0103EN,4
716220,CB0103EN,3
1204798,ML0101ENv3,3
1712978,BD0101EN,5
1320387,BD0111EN,4
1178964,RP0105EN,4
1158809,DV0101EN,4
1285982,DW0101EN,4
448413,BD0141EN,5
1043857,BC0201EN,5
1724761,DS0101EN,4
1860195,ST0101EN,5
1273236,BD0111EN,3
1000388,WA0101EN,5
713900,CL0101EN,4
73345,TA0105,4
1104370,PY0101EN,5
709456,TA0105,4
1633438,DA0101EN,3
1356890,BD0111EN,5
1710923,DV0101EN,4
980884,CC0101EN,5
1688320,DS0103EN,5
925179,BC0101EN,3
33474,RP0105EN,3
544766,BD0141EN,5
459116,BD0212EN,3
911622,RP0101EN,4
1646449,CB0103EN,3
383195,PA0101EN,3
99234,ML0151EN,5
638302,BD0101EN,4
966416,CC0201EN,5
182509,BD0111EN,5
1743750,BC0101EN,3
1243617,ML0120ENv2,3
328980,DE0205EN,3
1798135,BC0101EN,5
2032999,DS0101EN,5
1145127,CB0103EN,5
891038,PY0101EN,4
1704810,BD0115EN,3
761201,BD0115EN,4
421600,DA0101EN,4
1048248,IT0101EN,5
16963,BD0133EN,3
921347,PA0101EN,5
1149622,CO0101EN,4
1053694,BD0111EN,4
1463826,BD0101EN,4
1989920,RP0103EN,3
1821421,PY0101EN,5
459376,RP0103,3
1508107,CO0201EN,5
1070911,DV0101EN,4
228766,BD0111EN,5
578973,BD0101EN,3
1529525,IT0101EN,3
723155,TA0105,5
351382,BD0221EN,3
1761676,DW0101EN,3
511818,WA0101EN,4
184259,BD0153EN,5
575808,ML0101EN,3
1502147,DS0101EN,4
1603257,DS0101EN,3
1832090,ML0103EN,3
1650934,DB0101EN,5
1194704,COM001EN,5
1547751,BD0101EN,5
796011,BC0101EN,3
435837,ML0101EN,3
1494366,BD0211EN,4
888805,ML0120EN,3
1030970,BD0131EN,3
977400,ML0151EN,4
559673,PY0101EN,5
894267,BD0211EN,3
788895,PA0101EN,5
1440395,BD0111EN,4
920722,BD0111EN,3
1107774,CL0101EN,4
730912,RP0101EN,4
1278965,CC0101EN,5
1088727,ML0120ENv2,3
1441548,DS0103EN,4
493133,CB0103EN,4
922140,BD0115EN,3
996310,BD0115EN,4
1053694,DA0101EN,3
86366,ML0151EN,3
1371250,CO0101EN,5
420678,BD0101EN,4
1862732,CC0103EN,3
1819419,DS0201EN,4
1083077,CL0101EN,3
2006920,CNSC02EN,5
625486,DS0101EN,3
1313007,BD0123EN,4
980456,BD0101EN,3
1622541,CO0301EN,4
760281,CO0301EN,4
1444518,DV0101EN,3
1991682,PY0101EN,3
781162,ST0101EN,5
1010081,BD0131EN,3
904667,ML0101ENv3,5
1971096,DS0101EN,5
708148,CB0103EN,4
951929,CL0101EN,5
714577,CB0103EN,5
1255732,BD0141EN,5
1578344,DS0110EN,4
564789,DS0301EN,3
580349,BD0101EN,5
482318,BD0123EN,3
588041,BD0111EN,5
289015,BD0141EN,5
941803,DV0151EN,3
1473308,DS0105EN,3
1644926,DW0101EN,5
1310658,DA0101EN,5
1109010,DS0105EN,4
75368,EE0101EN,3
660604,BD0111EN,4
1518546,BD0211EN,3
1066758,BD0101EN,4
717891,SC0101EN,4
1727541,CO0101EN,5
564553,WA0101EN,5
1119260,CC0103EN,3
896320,PY0101EN,4
708518,ML0115EN,4
433525,BC0101EN,3
1546037,CC0101EN,3
1438002,BD0143EN,4
1022546,CO0301EN,5
573314,BD0101EN,3
642369,ML0109EN,5
738642,DS0103EN,4
1052506,WA0101EN,4
988495,CO0201EN,5
1013390,DA0101EN,5
1806813,DS0103EN,3
964544,DS0105EN,4
689916,CB0103EN,3
1339219,PHPM002EN,3
755067,DS0301EN,3
879717,BD0141EN,4
2048322,ST0101EN,3
699262,BD0111EN,3
724898,CO0201EN,3
1332314,ML0115EN,5
1142745,ML0101ENv3,4
667630,CC0103EN,3
1767506,DV0101EN,4
774906,BD0131EN,4
1101216,BD0131EN,5
1107390,CL0101EN,5
740773,BD0115EN,5
1115229,CC0101EN,5
940141,ML0122ENv1,4
129117,BD0131EN,5
1178866,CL0101EN,4
1746512,DS0105EN,3
1091595,DS0101EN,4
1607765,CB0103EN,4
1258580,DB0101EN,5
351995,RP0105EN,5
2003698,PY0101EN,3
549622,ML0101EN,5
970628,DS0105EN,4
403135,BD0101EN,4
1641299,DB0101EN,5
1909739,ML0101ENv3,5
1762710,BD0111EN,4
69955,BD0211EN,4
1126088,CO0301EN,3
435707,BD0101EN,4
1606902,DS0103EN,4
1911428,PY0101EN,4
1579405,PY0101EN,3
1005084,ML0115EN,5
653766,BD0212EN,5
1855847,DS0103EN,3
1752931,CC0101EN,3
621675,DS0103EN,4
404010,CO0101EN,5
1743663,DS0105EN,5
662862,BD0133EN,3
684774,DS0101EN,4
1771507,DB0151EN,4
1463557,CC0101EN,3
1532206,CC0250EN,5
1347157,CO0401EN,5
787263,ML0120EN,5
647334,SC0101EN,3
899293,WA0101EN,3
741225,BD0212EN,5
639373,PY0101EN,5
892434,CB0103EN,3
783842,PY0101EN,3
479724,BD0111EN,4
1031391,BC0201EN,3
1162058,DS0103EN,4
1028691,BD0212EN,5
1722740,RP0101EN,5
707757,BC0101EN,3
1179754,SC0101EN,3
1267805,ML0151EN,3
765268,CL0101EN,5
909657,ST0101EN,3
1020084,DE0205EN,3
1536164,CC0101EN,4
948905,DV0151EN,5
1061945,ML0120ENv2,3
517664,BD0101EN,4
661529,BD0211EN,3
692227,PY0101EN,3
1191052,CP0101EN,3
304659,BD0115EN,3
535593,BD0211EN,3
1059429,PY0101EN,3
1224493,CB0103EN,3
1904281,CC0103EN,3
1807285,DS0301EN,5
660570,WA0101EN,3
613555,DS0101EN,5
480755,ML0101EN,3
596230,WA0101EN,3
1382818,CC0103EN,4
415159,BD0211EN,3
1812810,PY0101EN,5
901513,ML0115EN,3
1627367,CC0101EN,4
1471327,DA0101EN,4
884498,DW0101EN,5
1276164,ML0103EN,3
1461455,BC0101EN,5
1263626,DA0101EN,4
1357387,ML0101ENv3,5
992866,DS0101EN,5
392288,BD0101EN,3
1983770,PY0101EN,3
725304,DA0101EN,5
418106,ML0111EN,5
1156656,LB0105ENv1,5
90850,PY0101EN,5
61,DP0101EN,3
543273,BD0111EN,4
908917,RP0101EN,5
925456,CB0103EN,5
1266058,CO0401EN,3
231772,DE0205EN,4
388459,BD0115EN,3
1517893,BC0201EN,5
915083,ML0122ENv1,4
982310,BD0111EN,3
1972555,BD0212EN,3
1535570,BD0131EN,3
1970691,DS0132EN,3
1278228,DS0105EN,4
1419855,DS0101EN,5
1687773,CNSC02EN,4
312587,ST0101EN,4
1624506,ML0101ENv3,5
668023,TA0106EN,5
796290,ST0101EN,5
1153214,BC0101EN,4
1851674,BD0211EN,3
894412,PY0101EN,3
1275342,BC0101EN,4
992206,CO0301EN,3
1168584,BC0101EN,3
1201734,PY0101EN,4
971487,DV0101EN,4
565607,DS0101EN,5
435382,BD0131EN,4
583258,BD0115EN,3
1807368,DS0101EN,3
445187,BD0153EN,3
1832520,DS0101EN,3
1216199,CB0103EN,3
1690828,DS0101EN,3
1763540,ST0101EN,5
2075940,ML0109EN,3
483002,DS0101EN,3
1492215,CO0201EN,3
1237622,PY0101EN,4
1393212,DA0101EN,3
1158078,DB0151EN,4
762111,ML0115EN,4
1261792,BD0211EN,3
1383620,ST0101EN,4
1512914,ML0101ENv3,3
215982,CC0201EN,4
1221827,BD0101EN,3
1131812,DS0103EN,3
902813,CO0101EN,3
754488,DS0101EN,5
1372961,SECM03EN,4
1157144,PY0101EN,5
1341058,DV0101EN,5
1921204,PY0101EN,5
537056,BD0141EN,5
1020101,CC0210EN,3
728526,BD0101EN,4
1045044,BD0111EN,4
323544,BD0101EN,3
1110826,DS0101EN,4
1047169,ML0103EN,4
1383328,DV0101EN,3
1341748,ML0120ENv2,4
547317,TA0105,4
519196,BD0111EN,4
1300887,ML0101ENv3,4
1044994,BD0211EN,5
1264510,PY0101EN,3
1630101,ML0101ENv3,3
947245,ST0101EN,3
686477,BD0131EN,3
693109,CB0103EN,3
1659081,DS0105EN,3
1190072,BC0101EN,3
1333616,BD0101EN,4
1062355,BD0211EN,5
1006642,ML0101ENv3,5
949916,CO0401EN,4
546744,DB0151EN,5
752429,DS0321EN,5
938009,BD0141EN,5
1664969,CC0210EN,5
1348776,DA0101EN,5
1731747,ML0115EN,4
939674,DB0101EN,4
1158541,ML0101ENv3,3
335747,BD0153EN,5
985046,CO0201EN,5
1430270,PY0101EN,3
996770,CO0401EN,5
1503253,ST0101EN,3
1351888,ML0101ENv3,3
1547726,BD0211EN,5
1867458,DE0205EN,5
1003832,CO0301EN,5
1512518,BD0101EN,5
727569,ML0103EN,4
1115461,DA0101EN,4
1962363,BC0202EN,5
1245312,ST0101EN,4
795778,SC0101EN,3
1428575,DS0101EN,4
1102901,ML0120ENv2,3
607794,DS0101EN,5
1580992,DS0110EN,4
189802,BD0143EN,5
1259259,BD0101EN,3
1946506,DV0101EN,4
1995750,DA0101EN,3
893867,BC0101EN,3
1668041,ST0101EN,3
1046216,BC0201EN,5
720933,BD0115EN,3
249680,BD0101EN,5
881847,PY0101EN,3
531859,BD0211EN,4
431224,ML0103EN,3
1317411,BD0121EN,4
1125553,PA0101EN,4
1669666,HCC104EN,4
1347374,BC0201EN,3
1938666,DA0101EN,3
377431,RP0101EN,5
1422087,CO0101EN,5
1642043,DV0101EN,3
1126390,PY0101EN,4
1889878,DV0151EN,5
1877019,CC0101EN,5
737490,BC0101EN,3
753296,BD0223EN,5
1046413,BC0201EN,3
1086063,CO0301EN,3
734426,DA0101EN,4
1984056,ML0103EN,4
1893066,DV0151EN,5
2069489,CNSC02EN,3
1043970,BC0201EN,4
1166596,CO0201EN,5
1212722,ST0101EN,5
1177011,BC0202EN,3
1654434,PY0101EN,3
1164366,DS0301EN,3
786513,CC0101EN,3
1430303,ML0120ENv2,4
512661,ML0103EN,4
1881500,CO0301EN,4
139584,BD0135EN,5
1411082,ML0101ENv3,3
567319,BD0121EN,5
760139,SC0105EN,3
561258,BD0131EN,5
1138499,LB0111EN,5
1091928,DS0103EN,5
1498282,RP0101EN,3
568183,CB0103EN,4
743235,BD0101EN,3
1234792,DS0105EN,5
1201072,ML0201EN,4
1431963,ST0101EN,4
641972,DS0105EN,5
1206242,ML0101ENv3,5
782954,CC0101EN,5
722874,CB0103EN,5
1066838,CC0201EN,5
1221663,BD0101EN,4
1814112,BC0202EN,4
1668797,DW0101EN,4
1760984,ML0115EN,5
486246,BD0211EN,3
974613,BD0145EN,5
1497628,CO0301EN,3
1804709,DB0101EN,3
1245553,ML0201EN,5
438107,DS0105EN,4
1066467,DS0105EN,4
515823,SC0105EN,5
687007,CL0101EN,4
763663,ML0115EN,4
942706,ML0115EN,5
761064,BD0111EN,4
1646690,CB0105ENv1,4
1450135,DA0101EN,4
1020770,BC0101EN,3
1647699,CC0103EN,3
934542,DS0101EN,4
1521575,RP0101EN,5
1784447,CC0101EN,3
1139255,BC0101EN,5
564067,PY0101EN,3
1304605,DS0101EN,3
1361312,ML0115EN,3
1023408,DV0101EN,5
930928,DS0103EN,5
1242541,DV0101EN,4
723286,ML0115EN,5
442235,BD0101EN,4
1756591,BD0121EN,5
1316588,BD0101EN,4
1795698,ML0101ENv3,4
1011557,SC0105EN,5
1766270,ML0101ENv3,3
1215453,CO0201EN,3
1189039,CL0101EN,5
730418,BD0101EN,3
1743535,DB0101EN,4
1303221,CL0101EN,3
1767106,PY0101EN,5
1297707,ML0115EN,5
323746,BD0211EN,3
1344700,BD0131EN,5
1862716,CC0101EN,3
1112008,DS0301EN,4
1894109,ML0101ENv3,5
666135,BD0211EN,3
1414002,CO0101EN,5
701581,DS0101EN,5
1081025,CO0101EN,4
1702528,DS0101EN,3
1475119,CO0401EN,4
545934,DS0103EN,5
1338466,BD0211EN,4
1229319,BD0111EN,4
772659,CO0101EN,5
1449588,DS0103EN,3
564789,BD0111EN,5
1271298,ML0101ENv3,5
614635,DS0105EN,5
764102,DS0101EN,3
562348,CL0101EN,3
911930,DV0101EN,4
886394,BD0115EN,5
1802739,DS0301EN,4
1780965,CC0101EN,4
393003,BD0211EN,4
722171,RP0101EN,4
876583,DV0101EN,5
1399434,BD0211EN,4
970895,BD0111EN,3
694314,BD0101EN,5
1029761,BC0201EN,5
1180733,CB0103EN,3
1803394,DS0103EN,3
1375412,CC0103EN,3
1561687,DA0101EN,5
1189568,PY0101EN,5
1661966,ML0115EN,3
1353059,DA0101EN,3
560845,BD0115EN,4
1169723,DV0101EN,5
781100,SC0101EN,5
935642,ML0122ENv1,5
1322401,BD0101EN,5
1062034,BD0111EN,4
396406,SC0101EN,4
661845,CB0103EN,4
484582,CO0201EN,3
391483,BD0141EN,4
1146330,BD0143EN,4
1677259,DS0101EN,3
1118864,ML0115EN,3
1152378,DS0101EN,5
1309718,BD0131EN,5
1824321,DS0101EN,3
708370,CB0103EN,4
1443912,DV0101EN,3
465159,DS0101EN,3
1454252,DA0101EN,4
1315635,BD0131EN,3
1801903,CC0101EN,5
986468,DV0101EN,4
415191,DV0101EN,4
388179,BD0141EN,5
711222,CB0103EN,4
1711522,ML0103EN,3
1448272,BD0115EN,4
676154,BD0111EN,5
1482240,DS0101EN,4
1589144,DB0101EN,3
579252,BD0111EN,4
919639,CC0101EN,4
1162828,CL0101EN,4
774395,ML0103EN,5
1165308,BD0211EN,5
759846,PA0101EN,3
1694984,CNSC02EN,5
1431987,DA0101EN,5
1804829,DV0101EN,5
467433,SC0103EN,4
2017752,BC0201EN,4
1528124,CO0301EN,5
1422488,BC0101EN,5
1124349,DS0101EN,5
451102,CB0103EN,4
632732,TA0105,3
1117995,BC0201EN,4
306028,ST0101EN,4
789334,CO0201EN,5
619862,BD0111EN,3
1452944,CC0103EN,4
592143,BD0135EN,5
1443568,PA0101EN,4
7909,BC0202EN,4
1049195,LB0101ENv1,5
620170,ML0101EN,5
461091,ML0103EN,3
1405453,BD0111EN,3
1642918,DV0151EN,4
1965476,CO0301EN,5
1802642,DS0105EN,5
636422,WA0101EN,4
1497528,DS0103EN,5
1165226,ML0120ENv2,4
554782,BD0111EN,3
1942054,BC0201EN,5
419414,TA0105,4
742989,BD0111EN,5
759022,DA0101EN,3
1455674,CC0201EN,4
790008,BC0101EN,5
1806145,PY0101EN,5
1683206,DAI101EN,5
1856978,SW0201EN,4
621931,DS0103EN,4
1710532,PY0101EN,4
1217317,BD0131EN,5
1029426,CO0201EN,5
2047195,CC0101EN,5
1644006,SC0105EN,4
148622,DB0101EN,3
1664926,BD0101EN,3
1802089,CC0101EN,4
1493595,ST0101EN,3
1824671,DB0101EN,5
418374,BD0101EN,4
1138287,ST0101EN,5
775927,RP0101EN,5
1072183,ST0101EN,3
1796989,DS0105EN,3
1005502,CC0103EN,5
1778809,ML0103EN,4
1387529,CB0103EN,3
1678646,RP0101EN,4
1075876,CO0101EN,4
2067829,DV0101EN,5
1265132,DAI101EN,3
708189,RP0101EN,4
1473308,BD0101EN,4
1348747,CC0101EN,5
1755042,RP0101EN,3
1357352,DS0110EN,4
1212209,BD0211EN,3
1349322,BD0111EN,5
1033381,CO0201EN,3
970704,CO0201EN,5
1094813,ML0101ENv3,4
1518978,BD0111EN,5
1607159,DS0301EN,5
737965,SC0105EN,5
1196687,DS0301EN,4
1372961,BD0101EN,3
731996,DS0101EN,5
576658,BD0121EN,5
736134,PY0101EN,3
435826,DS0105EN,5
405050,ML0151EN,5
148622,BD0135EN,3
1118371,CO0201EN,4
917708,BD0111EN,3
777777,CO0101EN,5
900085,BD0111EN,4
1528542,ML0120ENv2,3
1062253,ML0115EN,3
1530716,CB0103EN,5
1803996,BD0211EN,3
722827,CB0103EN,3
557908,BD0141EN,4
1083975,ML0103EN,3
1653540,PY0101EN,3
2089981,ML0151EN,5
1726075,DV0101EN,5
713906,DS0101EN,5
1178681,BD0111EN,4
773687,ML0101ENv3,4
2028112,DA0101EN,4
1882546,BD0111EN,3
1200482,DB0101EN,3
521166,BD0115EN,4
1780405,BC0101EN,5
1209225,CO0101EN,3
1029208,DS0101EN,5
555619,BD0111EN,5
735587,ST0101EN,3
940278,CL0101EN,4
1804709,DS0105EN,4
1330717,SC0101EN,3
1333130,PY0101EN,5
612316,CP0101EN,4
1875167,BC0101EN,5
635335,ML0120EN,3
503793,BD0212EN,5
516039,DS0101EN,4
607310,WA0101EN,4
1092767,CB0103EN,3
924233,BD0111EN,3
1539716,ML0101ENv3,5
1067617,BD0135EN,4
481231,WA0101EN,4
715105,RP0103,4
1637009,ML0115EN,4
1342431,DA0101EN,4
1259209,BD0145EN,5
559777,BD0115EN,3
749414,PY0101EN,4
758530,CB0103EN,5
1789823,DA0101EN,5
521148,SC0105EN,5
1812705,CO0401EN,3
747497,CO0101EN,5
1616780,ST0101EN,5
1057472,BC0201EN,5
1047145,BC0201EN,3
1406012,BD0221EN,4
129117,BD0143EN,3
1303456,BC0101EN,4
549669,DS0103EN,3
1046873,BC0101EN,5
1985842,DS0105EN,5
738740,ST0101EN,4
1250066,BD0111EN,3
1330821,DV0151EN,3
782496,ST0101EN,4
893476,ML0101ENv3,4
766938,DA0101EN,5
1473005,RP0101EN,5
512442,PY0101EN,4
320426,DS0103EN,5
1631832,DB0151EN,3
1087732,SC0101EN,3
1464410,DA0101EN,4
1555589,LB0105ENv1,4
1803286,DA0101EN,5
740056,DS0101EN,3
1768112,CC0103EN,5
1884660,CC0101EN,3
196746,BD0141EN,3
1545053,ML0101ENv3,4
1489846,CO0101EN,4
594852,DS0101EN,3
782496,CB0103EN,4
1407207,BD0101EN,3
628219,DB0101EN,5
435070,CO0201EN,4
368380,BD0111EN,4
621306,BD0121EN,3
1321296,CC0201EN,5
1641619,DV0101EN,3
1032670,DS0103EN,3
788275,CC0201EN,3
745910,ML0115EN,5
1748041,ML0115EN,3
784113,DV0101EN,4
920018,ML0120EN,5
368380,DS0103EN,4
714434,DB0101EN,3
894612,ML0111EN,4
672878,DA0101EN,5
1052904,BD0115EN,4
1138273,LB0105ENv1,3
1001695,ST0101EN,5
894942,PY0101EN,3
173635,RP0101EN,5
1073186,SC0105EN,4
916673,BD0111EN,3
750663,PA0101EN,4
1645098,BC0201EN,3
702303,BD0153EN,3
1634229,CNSC02EN,4
1282071,CL0101EN,5
588824,DS0103EN,5
987600,DV0151EN,3
160015,ML0101EN,3
1623628,PY0101EN,3
512495,DS0105EN,4
1562132,CO0101EN,5
484473,BD0133EN,3
1907898,CC0103EN,5
366523,DA0101EN,3
1208973,DS0101EN,3
932586,DS0105EN,5
757279,BC0202EN,4
1046879,DB0101EN,3
1341273,ML0101ENv3,4
431680,ML0120EN,3
158514,BD0131EN,4
1026222,BD0141EN,4
928569,DS0101EN,5
